case_id,terrain_id,forcing_id,split,generalization,forcing_split,forcing_file,family,wave_age,maximum_steepness,mean_hs_m,mean_tp_s,maximum_wind_speed_mps,sample_id,shard,padded_ny,padded_nx,convergence_percent,required_percent,converged,iterations,convergence_log_recognized,shard_exists,_merge,available,converged_bool,unconverged
IT000001,T001,F001,train,seen_island_seen_forcing,train,forcings/F001.npz,swell_no_wind,0.0,0.014183805877976777,2.3426587620068426,10.743781010865929,0.0,gebco15s__E121p5_N23p5__IT000001,E121p5_N23p5/IT000001.npz,128.0,128.0,99.65,99.5,True,4.0,True,True,both,True,True,False
IT000002,T001,F002,train,seen_island_seen_forcing,train,forcings/F002.npz,aligned_windsea,1.0865423574614188,0.02660100201057397,2.166895645345636,7.2037314655645215,11.246998611703624,gebco15s__E121p5_N23p5__IT000002,E121p5_N23p5/IT000002.npz,128.0,128.0,100.0,99.5,True,7.0,True,True,both,True,True,False
IT000003,T001,F003,train,seen_island_seen_forcing,train,forcings/F003.npz,swell_weak_wind,0.0,0.009155684308608539,1.1193990435105765,9.593620135018579,3.344258794068786,gebco15s__E121p5_N23p5__IT000003,E121p5_N23p5/IT000003.npz,128.0,128.0,99.98,99.5,True,4.0,True,True,both,True,True,False
IT000004,T001,F004,train,seen_island_seen_forcing,train,forcings/F004.npz,wind_only,0.0,0.0,0.0,8.0,9.767283995459827,,,,,,,,,,,left_only,False,False,False
IT000005,T001,F005,train,seen_island_seen_forcing,train,forcings/F005.npz,swell_no_wind,0.0,0.0061495790800769395,1.2567033578426547,12.196517501836674,0.0,gebco15s__E121p5_N23p5__IT000005,E121p5_N23p5/IT000005.npz,128.0,128.0,100.0,99.5,True,5.0,True,True,both,True,True,False
IT000006,T001,F006,train,seen_island_seen_forcing,train,forcings/F006.npz,aligned_windsea,0.908556113100931,0.020095449617102502,2.074590824397493,8.109480136000172,15.366474310386884,gebco15s__E121p5_N23p5__IT000006,E121p5_N23p5/IT000006.npz,128.0,128.0,99.96,99.5,True,13.0,True,True,both,True,True,False
IT000007,T001,F007,train,seen_island_seen_forcing,train,forcings/F007.npz,swell_weak_wind,0.0,0.0035029865304054652,0.8057825341552571,13.230191128229617,2.2560175581867385,gebco15s__E121p5_N23p5__IT000007,E121p5_N23p5/IT000007.npz,128.0,128.0,99.67,99.5,True,4.0,True,True,both,True,True,False
IT000008,T001,F008,train,seen_island_seen_forcing,train,forcings/F008.npz,wind_only,0.0,0.0,0.0,8.0,11.545017961357619,gebco15s__E121p5_N23p5__IT000008,E121p5_N23p5/IT000008.npz,128.0,128.0,99.53,99.5,True,25.0,True,True,both,True,True,False
IT000009,T001,F009,train,seen_island_seen_forcing,train,forcings/F009.npz,swell_no_wind,0.0,0.011488594043819864,1.2863683832404313,9.079111704727564,0.0,gebco15s__E121p5_N23p5__IT000009,E121p5_N23p5/IT000009.npz,128.0,128.0,99.71,99.5,True,4.0,True,True,both,True,True,False
IT000010,T001,F010,train,seen_island_seen_forcing,train,forcings/F010.npz,aligned_windsea,0.8304929158328038,0.026060653075929866,1.307973517182129,5.658173681085658,11.545185380997994,gebco15s__E121p5_N23p5__IT000010,E121p5_N23p5/IT000010.npz,128.0,128.0,100.0,99.5,True,11.0,True,True,both,True,True,False
IT000011,T001,F011,train,seen_island_seen_forcing,train,forcings/F011.npz,swell_weak_wind,0.0,0.019206827786428227,2.350178036750493,9.572786282430823,3.319636916225727,gebco15s__E121p5_N23p5__IT000011,E121p5_N23p5/IT000011.npz,128.0,128.0,99.95,99.5,True,5.0,True,True,both,True,True,False
IT000012,T001,F012,train,seen_island_seen_forcing,train,forcings/F012.npz,wind_only,0.0,0.0,0.0,8.0,13.956948522606583,,,,,,,,,,,left_only,False,False,False
IT000013,T002,F001,train,seen_island_seen_forcing,train,forcings/F001.npz,swell_no_wind,0.0,0.014183805877976777,2.3426587620068426,10.743781010865929,0.0,gebco15s__E121p5_N23p5__IT000013,E121p5_N23p5/IT000013.npz,128.0,128.0,99.9,99.5,True,5.0,True,True,both,True,True,False
IT000014,T002,F002,train,seen_island_seen_forcing,train,forcings/F002.npz,aligned_windsea,1.0865423574614188,0.02660100201057397,2.166895645345636,7.2037314655645215,11.246998611703624,gebco15s__E121p5_N23p5__IT000014,E121p5_N23p5/IT000014.npz,128.0,128.0,100.0,99.5,True,9.0,True,True,both,True,True,False
IT000015,T002,F003,train,seen_island_seen_forcing,train,forcings/F003.npz,swell_weak_wind,0.0,0.009155684308608539,1.1193990435105765,9.593620135018579,3.344258794068786,gebco15s__E121p5_N23p5__IT000015,E121p5_N23p5/IT000015.npz,128.0,128.0,99.89,99.5,True,4.0,True,True,both,True,True,False
IT000016,T002,F004,train,seen_island_seen_forcing,train,forcings/F004.npz,wind_only,0.0,0.0,0.0,8.0,9.767283995459827,,,,,,,,,,,left_only,False,False,False
IT000017,T002,F005,train,seen_island_seen_forcing,train,forcings/F005.npz,swell_no_wind,0.0,0.0061495790800769395,1.2567033578426547,12.196517501836674,0.0,gebco15s__E121p5_N23p5__IT000017,E121p5_N23p5/IT000017.npz,128.0,128.0,100.0,99.5,True,5.0,True,True,both,True,True,False
IT000018,T002,F006,train,seen_island_seen_forcing,train,forcings/F006.npz,aligned_windsea,0.908556113100931,0.020095449617102502,2.074590824397493,8.109480136000172,15.366474310386884,gebco15s__E121p5_N23p5__IT000018,E121p5_N23p5/IT000018.npz,128.0,128.0,99.83,99.5,True,15.0,True,True,both,True,True,False
IT000019,T002,F007,train,seen_island_seen_forcing,train,forcings/F007.npz,swell_weak_wind,0.0,0.0035029865304054652,0.8057825341552571,13.230191128229617,2.2560175581867385,gebco15s__E121p5_N23p5__IT000019,E121p5_N23p5/IT000019.npz,128.0,128.0,99.93,99.5,True,4.0,True,True,both,True,True,False
IT000020,T002,F008,train,seen_island_seen_forcing,train,forcings/F008.npz,wind_only,0.0,0.0,0.0,8.0,11.545017961357619,,,,,,,,,,,left_only,False,False,False
IT000021,T002,F009,train,seen_island_seen_forcing,train,forcings/F009.npz,swell_no_wind,0.0,0.011488594043819864,1.2863683832404313,9.079111704727564,0.0,gebco15s__E121p5_N23p5__IT000021,E121p5_N23p5/IT000021.npz,128.0,128.0,99.59,99.5,True,4.0,True,True,both,True,True,False
IT000022,T002,F010,train,seen_island_seen_forcing,train,forcings/F010.npz,aligned_windsea,0.8304929158328038,0.026060653075929866,1.307973517182129,5.658173681085658,11.545185380997994,gebco15s__E121p5_N23p5__IT000022,E121p5_N23p5/IT000022.npz,128.0,128.0,99.99,99.5,True,10.0,True,True,both,True,True,False
IT000023,T002,F011,train,seen_island_seen_forcing,train,forcings/F011.npz,swell_weak_wind,0.0,0.019206827786428227,2.350178036750493,9.572786282430823,3.319636916225727,gebco15s__E121p5_N23p5__IT000023,E121p5_N23p5/IT000023.npz,128.0,128.0,99.96,99.5,True,5.0,True,True,both,True,True,False
IT000024,T002,F012,train,seen_island_seen_forcing,train,forcings/F012.npz,wind_only,0.0,0.0,0.0,8.0,13.956948522606583,,,,,,,,,,,left_only,False,False,False
IT000025,T003,F001,train,seen_island_seen_forcing,train,forcings/F001.npz,swell_no_wind,0.0,0.014183805877976777,2.3426587620068426,10.743781010865929,0.0,gebco15s__E121p5_N23p5__IT000025,E121p5_N23p5/IT000025.npz,128.0,128.0,99.66,99.5,True,6.0,True,True,both,True,True,False
IT000026,T003,F002,train,seen_island_seen_forcing,train,forcings/F002.npz,aligned_windsea,1.0865423574614188,0.02660100201057397,2.166895645345636,7.2037314655645215,11.246998611703624,gebco15s__E121p5_N23p5__IT000026,E121p5_N23p5/IT000026.npz,128.0,128.0,100.0,99.5,True,9.0,True,True,both,True,True,False
IT000027,T003,F003,train,seen_island_seen_forcing,train,forcings/F003.npz,swell_weak_wind,0.0,0.009155684308608539,1.1193990435105765,9.593620135018579,3.344258794068786,gebco15s__E121p5_N23p5__IT000027,E121p5_N23p5/IT000027.npz,128.0,128.0,99.92,99.5,True,4.0,True,True,both,True,True,False
IT000028,T003,F004,train,seen_island_seen_forcing,train,forcings/F004.npz,wind_only,0.0,0.0,0.0,8.0,9.767283995459827,,,,,,,,,,,left_only,False,False,False
IT000029,T003,F005,train,seen_island_seen_forcing,train,forcings/F005.npz,swell_no_wind,0.0,0.0061495790800769395,1.2567033578426547,12.196517501836674,0.0,gebco15s__E121p5_N23p5__IT000029,E121p5_N23p5/IT000029.npz,128.0,128.0,99.93,99.5,True,5.0,True,True,both,True,True,False
IT000030,T003,F006,train,seen_island_seen_forcing,train,forcings/F006.npz,aligned_windsea,0.908556113100931,0.020095449617102502,2.074590824397493,8.109480136000172,15.366474310386884,gebco15s__E121p5_N23p5__IT000030,E121p5_N23p5/IT000030.npz,128.0,128.0,99.84,99.5,True,11.0,True,True,both,True,True,False
IT000031,T003,F007,train,seen_island_seen_forcing,train,forcings/F007.npz,swell_weak_wind,0.0,0.0035029865304054652,0.8057825341552571,13.230191128229617,2.2560175581867385,gebco15s__E121p5_N23p5__IT000031,E121p5_N23p5/IT000031.npz,128.0,128.0,99.83,99.5,True,4.0,True,True,both,True,True,False
IT000032,T003,F008,train,seen_island_seen_forcing,train,forcings/F008.npz,wind_only,0.0,0.0,0.0,8.0,11.545017961357619,,,,,,,,,,,left_only,False,False,False
IT000033,T003,F009,train,seen_island_seen_forcing,train,forcings/F009.npz,swell_no_wind,0.0,0.011488594043819864,1.2863683832404313,9.079111704727564,0.0,gebco15s__E121p5_N23p5__IT000033,E121p5_N23p5/IT000033.npz,128.0,128.0,99.8,99.5,True,4.0,True,True,both,True,True,False
IT000034,T003,F010,train,seen_island_seen_forcing,train,forcings/F010.npz,aligned_windsea,0.8304929158328038,0.026060653075929866,1.307973517182129,5.658173681085658,11.545185380997994,gebco15s__E121p5_N23p5__IT000034,E121p5_N23p5/IT000034.npz,128.0,128.0,99.94,99.5,True,10.0,True,True,both,True,True,False
IT000035,T003,F011,train,seen_island_seen_forcing,train,forcings/F011.npz,swell_weak_wind,0.0,0.019206827786428227,2.350178036750493,9.572786282430823,3.319636916225727,gebco15s__E121p5_N23p5__IT000035,E121p5_N23p5/IT000035.npz,128.0,128.0,99.53,99.5,True,5.0,True,True,both,True,True,False
IT000036,T003,F012,train,seen_island_seen_forcing,train,forcings/F012.npz,wind_only,0.0,0.0,0.0,8.0,13.956948522606583,,,,,,,,,,,left_only,False,False,False
IT000037,T004,F001,train,seen_island_seen_forcing,train,forcings/F001.npz,swell_no_wind,0.0,0.014183805877976777,2.3426587620068426,10.743781010865929,0.0,gebco15s__E121p5_N23p5__IT000037,E121p5_N23p5/IT000037.npz,128.0,128.0,99.66,99.5,True,6.0,True,True,both,True,True,False
IT000038,T004,F002,train,seen_island_seen_forcing,train,forcings/F002.npz,aligned_windsea,1.0865423574614188,0.02660100201057397,2.166895645345636,7.2037314655645215,11.246998611703624,gebco15s__E121p5_N23p5__IT000038,E121p5_N23p5/IT000038.npz,128.0,128.0,99.93,99.5,True,10.0,True,True,both,True,True,False
IT000039,T004,F003,train,seen_island_seen_forcing,train,forcings/F003.npz,swell_weak_wind,0.0,0.009155684308608539,1.1193990435105765,9.593620135018579,3.344258794068786,gebco15s__E121p5_N23p5__IT000039,E121p5_N23p5/IT000039.npz,128.0,128.0,100.0,99.5,True,4.0,True,True,both,True,True,False
IT000040,T004,F004,train,seen_island_seen_forcing,train,forcings/F004.npz,wind_only,0.0,0.0,0.0,8.0,9.767283995459827,,,,,,,,,,,left_only,False,False,False
IT000041,T004,F005,train,seen_island_seen_forcing,train,forcings/F005.npz,swell_no_wind,0.0,0.0061495790800769395,1.2567033578426547,12.196517501836674,0.0,gebco15s__E121p5_N23p5__IT000041,E121p5_N23p5/IT000041.npz,128.0,128.0,100.0,99.5,True,5.0,True,True,both,True,True,False
IT000042,T004,F006,train,seen_island_seen_forcing,train,forcings/F006.npz,aligned_windsea,0.908556113100931,0.020095449617102502,2.074590824397493,8.109480136000172,15.366474310386884,gebco15s__E121p5_N23p5__IT000042,E121p5_N23p5/IT000042.npz,128.0,128.0,100.0,99.5,True,14.0,True,True,both,True,True,False
IT000043,T004,F007,train,seen_island_seen_forcing,train,forcings/F007.npz,swell_weak_wind,0.0,0.0035029865304054652,0.8057825341552571,13.230191128229617,2.2560175581867385,gebco15s__E121p5_N23p5__IT000043,E121p5_N23p5/IT000043.npz,128.0,128.0,99.95,99.5,True,4.0,True,True,both,True,True,False
IT000044,T004,F008,train,seen_island_seen_forcing,train,forcings/F008.npz,wind_only,0.0,0.0,0.0,8.0,11.545017961357619,,,,,,,,,,,left_only,False,False,False
IT000045,T004,F009,train,seen_island_seen_forcing,train,forcings/F009.npz,swell_no_wind,0.0,0.011488594043819864,1.2863683832404313,9.079111704727564,0.0,gebco15s__E121p5_N23p5__IT000045,E121p5_N23p5/IT000045.npz,128.0,128.0,99.9,99.5,True,4.0,True,True,both,True,True,False
IT000046,T004,F010,train,seen_island_seen_forcing,train,forcings/F010.npz,aligned_windsea,0.8304929158328038,0.026060653075929866,1.307973517182129,5.658173681085658,11.545185380997994,gebco15s__E121p5_N23p5__IT000046,E121p5_N23p5/IT000046.npz,128.0,128.0,99.88,99.5,True,11.0,True,True,both,True,True,False
IT000047,T004,F011,train,seen_island_seen_forcing,train,forcings/F011.npz,swell_weak_wind,0.0,0.019206827786428227,2.350178036750493,9.572786282430823,3.319636916225727,gebco15s__E121p5_N23p5__IT000047,E121p5_N23p5/IT000047.npz,128.0,128.0,99.62,99.5,True,5.0,True,True,both,True,True,False
IT000048,T004,F012,train,seen_island_seen_forcing,train,forcings/F012.npz,wind_only,0.0,0.0,0.0,8.0,13.956948522606583,,,,,,,,,,,left_only,False,False,False
IT000049,T005,F001,train,seen_island_seen_forcing,train,forcings/F001.npz,swell_no_wind,0.0,0.014183805877976777,2.3426587620068426,10.743781010865929,0.0,gebco15s__E121p5_N23p5__IT000049,E121p5_N23p5/IT000049.npz,128.0,128.0,99.72,99.5,True,4.0,True,True,both,True,True,False
IT000050,T005,F002,train,seen_island_seen_forcing,train,forcings/F002.npz,aligned_windsea,1.0865423574614188,0.02660100201057397,2.166895645345636,7.2037314655645215,11.246998611703624,gebco15s__E121p5_N23p5__IT000050,E121p5_N23p5/IT000050.npz,128.0,128.0,100.0,99.5,True,9.0,True,True,both,True,True,False
IT000051,T005,F003,train,seen_island_seen_forcing,train,forcings/F003.npz,swell_weak_wind,0.0,0.009155684308608539,1.1193990435105765,9.593620135018579,3.344258794068786,gebco15s__E121p5_N23p5__IT000051,E121p5_N23p5/IT000051.npz,128.0,128.0,100.0,99.5,True,4.0,True,True,both,True,True,False
IT000052,T005,F004,train,seen_island_seen_forcing,train,forcings/F004.npz,wind_only,0.0,0.0,0.0,8.0,9.767283995459827,,,,,,,,,,,left_only,False,False,False
IT000053,T005,F005,train,seen_island_seen_forcing,train,forcings/F005.npz,swell_no_wind,0.0,0.0061495790800769395,1.2567033578426547,12.196517501836674,0.0,gebco15s__E121p5_N23p5__IT000053,E121p5_N23p5/IT000053.npz,128.0,128.0,99.73,99.5,True,4.0,True,True,both,True,True,False
IT000054,T005,F006,train,seen_island_seen_forcing,train,forcings/F006.npz,aligned_windsea,0.908556113100931,0.020095449617102502,2.074590824397493,8.109480136000172,15.366474310386884,gebco15s__E121p5_N23p5__IT000054,E121p5_N23p5/IT000054.npz,128.0,128.0,100.0,99.5,True,15.0,True,True,both,True,True,False
IT000055,T005,F007,train,seen_island_seen_forcing,train,forcings/F007.npz,swell_weak_wind,0.0,0.0035029865304054652,0.8057825341552571,13.230191128229617,2.2560175581867385,gebco15s__E121p5_N23p5__IT000055,E121p5_N23p5/IT000055.npz,128.0,128.0,100.0,99.5,True,4.0,True,True,both,True,True,False
IT000056,T005,F008,train,seen_island_seen_forcing,train,forcings/F008.npz,wind_only,0.0,0.0,0.0,8.0,11.545017961357619,gebco15s__E121p5_N23p5__IT000056,E121p5_N23p5/IT000056.npz,128.0,128.0,99.55,99.5,True,23.0,True,True,both,True,True,False
IT000057,T005,F009,train,seen_island_seen_forcing,train,forcings/F009.npz,swell_no_wind,0.0,0.011488594043819864,1.2863683832404313,9.079111704727564,0.0,gebco15s__E121p5_N23p5__IT000057,E121p5_N23p5/IT000057.npz,128.0,128.0,100.0,99.5,True,4.0,True,True,both,True,True,False
IT000058,T005,F010,train,seen_island_seen_forcing,train,forcings/F010.npz,aligned_windsea,0.8304929158328038,0.026060653075929866,1.307973517182129,5.658173681085658,11.545185380997994,gebco15s__E121p5_N23p5__IT000058,E121p5_N23p5/IT000058.npz,128.0,128.0,99.52,99.5,True,10.0,True,True,both,True,True,False
IT000059,T005,F011,train,seen_island_seen_forcing,train,forcings/F011.npz,swell_weak_wind,0.0,0.019206827786428227,2.350178036750493,9.572786282430823,3.319636916225727,gebco15s__E121p5_N23p5__IT000059,E121p5_N23p5/IT000059.npz,128.0,128.0,99.95,99.5,True,5.0,True,True,both,True,True,False
IT000060,T005,F012,train,seen_island_seen_forcing,train,forcings/F012.npz,wind_only,0.0,0.0,0.0,8.0,13.956948522606583,,,,,,,,,,,left_only,False,False,False
IT000061,T006,F001,train,seen_island_seen_forcing,train,forcings/F001.npz,swell_no_wind,0.0,0.014183805877976777,2.3426587620068426,10.743781010865929,0.0,gebco15s__E121p5_N23p5__IT000061,E121p5_N23p5/IT000061.npz,128.0,128.0,99.57,99.5,True,4.0,True,True,both,True,True,False
IT000062,T006,F002,train,seen_island_seen_forcing,train,forcings/F002.npz,aligned_windsea,1.0865423574614188,0.02660100201057397,2.166895645345636,7.2037314655645215,11.246998611703624,gebco15s__E121p5_N23p5__IT000062,E121p5_N23p5/IT000062.npz,128.0,128.0,99.84,99.5,True,9.0,True,True,both,True,True,False
IT000063,T006,F003,train,seen_island_seen_forcing,train,forcings/F003.npz,swell_weak_wind,0.0,0.009155684308608539,1.1193990435105765,9.593620135018579,3.344258794068786,gebco15s__E121p5_N23p5__IT000063,E121p5_N23p5/IT000063.npz,128.0,128.0,100.0,99.5,True,4.0,True,True,both,True,True,False
IT000064,T006,F004,train,seen_island_seen_forcing,train,forcings/F004.npz,wind_only,0.0,0.0,0.0,8.0,9.767283995459827,,,,,,,,,,,left_only,False,False,False
IT000065,T006,F005,train,seen_island_seen_forcing,train,forcings/F005.npz,swell_no_wind,0.0,0.0061495790800769395,1.2567033578426547,12.196517501836674,0.0,gebco15s__E121p5_N23p5__IT000065,E121p5_N23p5/IT000065.npz,128.0,128.0,99.97,99.5,True,5.0,True,True,both,True,True,False
IT000066,T006,F006,train,seen_island_seen_forcing,train,forcings/F006.npz,aligned_windsea,0.908556113100931,0.020095449617102502,2.074590824397493,8.109480136000172,15.366474310386884,gebco15s__E121p5_N23p5__IT000066,E121p5_N23p5/IT000066.npz,128.0,128.0,99.6,99.5,True,12.0,True,True,both,True,True,False
IT000067,T006,F007,train,seen_island_seen_forcing,train,forcings/F007.npz,swell_weak_wind,0.0,0.0035029865304054652,0.8057825341552571,13.230191128229617,2.2560175581867385,gebco15s__E121p5_N23p5__IT000067,E121p5_N23p5/IT000067.npz,128.0,128.0,99.99,99.5,True,4.0,True,True,both,True,True,False
IT000068,T006,F008,train,seen_island_seen_forcing,train,forcings/F008.npz,wind_only,0.0,0.0,0.0,8.0,11.545017961357619,,,,,,,,,,,left_only,False,False,False
IT000069,T006,F009,train,seen_island_seen_forcing,train,forcings/F009.npz,swell_no_wind,0.0,0.011488594043819864,1.2863683832404313,9.079111704727564,0.0,gebco15s__E121p5_N23p5__IT000069,E121p5_N23p5/IT000069.npz,128.0,128.0,99.86,99.5,True,4.0,True,True,both,True,True,False
IT000070,T006,F010,train,seen_island_seen_forcing,train,forcings/F010.npz,aligned_windsea,0.8304929158328038,0.026060653075929866,1.307973517182129,5.658173681085658,11.545185380997994,gebco15s__E121p5_N23p5__IT000070,E121p5_N23p5/IT000070.npz,128.0,128.0,99.64,99.5,True,10.0,True,True,both,True,True,False
IT000071,T006,F011,train,seen_island_seen_forcing,train,forcings/F011.npz,swell_weak_wind,0.0,0.019206827786428227,2.350178036750493,9.572786282430823,3.319636916225727,gebco15s__E121p5_N23p5__IT000071,E121p5_N23p5/IT000071.npz,128.0,128.0,99.82,99.5,True,5.0,True,True,both,True,True,False
IT000072,T006,F012,train,seen_island_seen_forcing,train,forcings/F012.npz,wind_only,0.0,0.0,0.0,8.0,13.956948522606583,,,,,,,,,,,left_only,False,False,False
IT000073,T007,F001,train,seen_island_seen_forcing,train,forcings/F001.npz,swell_no_wind,0.0,0.014183805877976777,2.3426587620068426,10.743781010865929,0.0,gebco15s__E121p5_N23p5__IT000073,E121p5_N23p5/IT000073.npz,128.0,128.0,99.59,99.5,True,5.0,True,True,both,True,True,False
IT000074,T007,F002,train,seen_island_seen_forcing,train,forcings/F002.npz,aligned_windsea,1.0865423574614188,0.02660100201057397,2.166895645345636,7.2037314655645215,11.246998611703624,gebco15s__E121p5_N23p5__IT000074,E121p5_N23p5/IT000074.npz,128.0,128.0,99.96,99.5,True,9.0,True,True,both,True,True,False
IT000075,T007,F003,train,seen_island_seen_forcing,train,forcings/F003.npz,swell_weak_wind,0.0,0.009155684308608539,1.1193990435105765,9.593620135018579,3.344258794068786,gebco15s__E121p5_N23p5__IT000075,E121p5_N23p5/IT000075.npz,128.0,128.0,99.97,99.5,True,4.0,True,True,both,True,True,False
IT000076,T007,F004,train,seen_island_seen_forcing,train,forcings/F004.npz,wind_only,0.0,0.0,0.0,8.0,9.767283995459827,,,,,,,,,,,left_only,False,False,False
IT000077,T007,F005,train,seen_island_seen_forcing,train,forcings/F005.npz,swell_no_wind,0.0,0.0061495790800769395,1.2567033578426547,12.196517501836674,0.0,gebco15s__E121p5_N23p5__IT000077,E121p5_N23p5/IT000077.npz,128.0,128.0,99.92,99.5,True,5.0,True,True,both,True,True,False
IT000078,T007,F006,train,seen_island_seen_forcing,train,forcings/F006.npz,aligned_windsea,0.908556113100931,0.020095449617102502,2.074590824397493,8.109480136000172,15.366474310386884,gebco15s__E121p5_N23p5__IT000078,E121p5_N23p5/IT000078.npz,128.0,128.0,99.75,99.5,True,13.0,True,True,both,True,True,False
IT000079,T007,F007,train,seen_island_seen_forcing,train,forcings/F007.npz,swell_weak_wind,0.0,0.0035029865304054652,0.8057825341552571,13.230191128229617,2.2560175581867385,gebco15s__E121p5_N23p5__IT000079,E121p5_N23p5/IT000079.npz,128.0,128.0,99.92,99.5,True,4.0,True,True,both,True,True,False
IT000080,T007,F008,train,seen_island_seen_forcing,train,forcings/F008.npz,wind_only,0.0,0.0,0.0,8.0,11.545017961357619,,,,,,,,,,,left_only,False,False,False
IT000081,T007,F009,train,seen_island_seen_forcing,train,forcings/F009.npz,swell_no_wind,0.0,0.011488594043819864,1.2863683832404313,9.079111704727564,0.0,gebco15s__E121p5_N23p5__IT000081,E121p5_N23p5/IT000081.npz,128.0,128.0,99.82,99.5,True,4.0,True,True,both,True,True,False
IT000082,T007,F010,train,seen_island_seen_forcing,train,forcings/F010.npz,aligned_windsea,0.8304929158328038,0.026060653075929866,1.307973517182129,5.658173681085658,11.545185380997994,gebco15s__E121p5_N23p5__IT000082,E121p5_N23p5/IT000082.npz,128.0,128.0,99.84,99.5,True,12.0,True,True,both,True,True,False
IT000083,T007,F011,train,seen_island_seen_forcing,train,forcings/F011.npz,swell_weak_wind,0.0,0.019206827786428227,2.350178036750493,9.572786282430823,3.319636916225727,gebco15s__E121p5_N23p5__IT000083,E121p5_N23p5/IT000083.npz,128.0,128.0,99.56,99.5,True,5.0,True,True,both,True,True,False
IT000084,T007,F012,train,seen_island_seen_forcing,train,forcings/F012.npz,wind_only,0.0,0.0,0.0,8.0,13.956948522606583,,,,,,,,,,,left_only,False,False,False
IT000085,T008,F001,train,seen_island_seen_forcing,train,forcings/F001.npz,swell_no_wind,0.0,0.014183805877976777,2.3426587620068426,10.743781010865929,0.0,gebco15s__E121p5_N23p5__IT000085,E121p5_N23p5/IT000085.npz,128.0,128.0,99.91,99.5,True,4.0,True,True,both,True,True,False
IT000086,T008,F002,train,seen_island_seen_forcing,train,forcings/F002.npz,aligned_windsea,1.0865423574614188,0.02660100201057397,2.166895645345636,7.2037314655645215,11.246998611703624,gebco15s__E121p5_N23p5__IT000086,E121p5_N23p5/IT000086.npz,128.0,128.0,100.0,99.5,True,9.0,True,True,both,True,True,False
IT000087,T008,F003,train,seen_island_seen_forcing,train,forcings/F003.npz,swell_weak_wind,0.0,0.009155684308608539,1.1193990435105765,9.593620135018579,3.344258794068786,gebco15s__E121p5_N23p5__IT000087,E121p5_N23p5/IT000087.npz,128.0,128.0,100.0,99.5,True,4.0,True,True,both,True,True,False
IT000088,T008,F004,train,seen_island_seen_forcing,train,forcings/F004.npz,wind_only,0.0,0.0,0.0,8.0,9.767283995459827,,,,,,,,,,,left_only,False,False,False
IT000089,T008,F005,train,seen_island_seen_forcing,train,forcings/F005.npz,swell_no_wind,0.0,0.0061495790800769395,1.2567033578426547,12.196517501836674,0.0,gebco15s__E121p5_N23p5__IT000089,E121p5_N23p5/IT000089.npz,128.0,128.0,99.78,99.5,True,4.0,True,True,both,True,True,False
IT000090,T008,F006,train,seen_island_seen_forcing,train,forcings/F006.npz,aligned_windsea,0.908556113100931,0.020095449617102502,2.074590824397493,8.109480136000172,15.366474310386884,gebco15s__E121p5_N23p5__IT000090,E121p5_N23p5/IT000090.npz,128.0,128.0,99.52,99.5,True,13.0,True,True,both,True,True,False
IT000091,T008,F007,train,seen_island_seen_forcing,train,forcings/F007.npz,swell_weak_wind,0.0,0.0035029865304054652,0.8057825341552571,13.230191128229617,2.2560175581867385,gebco15s__E121p5_N23p5__IT000091,E121p5_N23p5/IT000091.npz,128.0,128.0,100.0,99.5,True,4.0,True,True,both,True,True,False
IT000092,T008,F008,train,seen_island_seen_forcing,train,forcings/F008.npz,wind_only,0.0,0.0,0.0,8.0,11.545017961357619,,,,,,,,,,,left_only,False,False,False
IT000093,T008,F009,train,seen_island_seen_forcing,train,forcings/F009.npz,swell_no_wind,0.0,0.011488594043819864,1.2863683832404313,9.079111704727564,0.0,gebco15s__E121p5_N23p5__IT000093,E121p5_N23p5/IT000093.npz,128.0,128.0,100.0,99.5,True,4.0,True,True,both,True,True,False
IT000094,T008,F010,train,seen_island_seen_forcing,train,forcings/F010.npz,aligned_windsea,0.8304929158328038,0.026060653075929866,1.307973517182129,5.658173681085658,11.545185380997994,gebco15s__E121p5_N23p5__IT000094,E121p5_N23p5/IT000094.npz,128.0,128.0,99.93,99.5,True,10.0,True,True,both,True,True,False
IT000095,T008,F011,train,seen_island_seen_forcing,train,forcings/F011.npz,swell_weak_wind,0.0,0.019206827786428227,2.350178036750493,9.572786282430823,3.319636916225727,gebco15s__E121p5_N23p5__IT000095,E121p5_N23p5/IT000095.npz,128.0,128.0,100.0,99.5,True,5.0,True,True,both,True,True,False
IT000096,T008,F012,train,seen_island_seen_forcing,train,forcings/F012.npz,wind_only,0.0,0.0,0.0,8.0,13.956948522606583,,,,,,,,,,,left_only,False,False,False
IT000097,T009,F001,train,seen_island_seen_forcing,train,forcings/F001.npz,swell_no_wind,0.0,0.014183805877976777,2.3426587620068426,10.743781010865929,0.0,gebco15s__E121p5_N23p5__IT000097,E121p5_N23p5/IT000097.npz,128.0,128.0,100.0,99.5,True,5.0,True,True,both,True,True,False
IT000098,T009,F002,train,seen_island_seen_forcing,train,forcings/F002.npz,aligned_windsea,1.0865423574614188,0.02660100201057397,2.166895645345636,7.2037314655645215,11.246998611703624,gebco15s__E121p5_N23p5__IT000098,E121p5_N23p5/IT000098.npz,128.0,128.0,99.69,99.5,True,7.0,True,True,both,True,True,False
IT000099,T009,F003,train,seen_island_seen_forcing,train,forcings/F003.npz,swell_weak_wind,0.0,0.009155684308608539,1.1193990435105765,9.593620135018579,3.344258794068786,gebco15s__E121p5_N23p5__IT000099,E121p5_N23p5/IT000099.npz,128.0,128.0,100.0,99.5,True,4.0,True,True,both,True,True,False
IT000100,T009,F004,train,seen_island_seen_forcing,train,forcings/F004.npz,wind_only,0.0,0.0,0.0,8.0,9.767283995459827,,,,,,,,,,,left_only,False,False,False
IT000101,T009,F005,train,seen_island_seen_forcing,train,forcings/F005.npz,swell_no_wind,0.0,0.0061495790800769395,1.2567033578426547,12.196517501836674,0.0,gebco15s__E121p5_N23p5__IT000101,E121p5_N23p5/IT000101.npz,128.0,128.0,99.99,99.5,True,5.0,True,True,both,True,True,False
IT000102,T009,F006,train,seen_island_seen_forcing,train,forcings/F006.npz,aligned_windsea,0.908556113100931,0.020095449617102502,2.074590824397493,8.109480136000172,15.366474310386884,gebco15s__E121p5_N23p5__IT000102,E121p5_N23p5/IT000102.npz,128.0,128.0,99.75,99.5,True,14.0,True,True,both,True,True,False
IT000103,T009,F007,train,seen_island_seen_forcing,train,forcings/F007.npz,swell_weak_wind,0.0,0.0035029865304054652,0.8057825341552571,13.230191128229617,2.2560175581867385,gebco15s__E121p5_N23p5__IT000103,E121p5_N23p5/IT000103.npz,128.0,128.0,100.0,99.5,True,5.0,True,True,both,True,True,False
IT000104,T009,F008,train,seen_island_seen_forcing,train,forcings/F008.npz,wind_only,0.0,0.0,0.0,8.0,11.545017961357619,,,,,,,,,,,left_only,False,False,False
IT000105,T009,F009,train,seen_island_seen_forcing,train,forcings/F009.npz,swell_no_wind,0.0,0.011488594043819864,1.2863683832404313,9.079111704727564,0.0,gebco15s__E121p5_N23p5__IT000105,E121p5_N23p5/IT000105.npz,128.0,128.0,99.66,99.5,True,4.0,True,True,both,True,True,False
IT000106,T009,F010,train,seen_island_seen_forcing,train,forcings/F010.npz,aligned_windsea,0.8304929158328038,0.026060653075929866,1.307973517182129,5.658173681085658,11.545185380997994,gebco15s__E121p5_N23p5__IT000106,E121p5_N23p5/IT000106.npz,128.0,128.0,99.6,99.5,True,10.0,True,True,both,True,True,False
IT000107,T009,F011,train,seen_island_seen_forcing,train,forcings/F011.npz,swell_weak_wind,0.0,0.019206827786428227,2.350178036750493,9.572786282430823,3.319636916225727,gebco15s__E121p5_N23p5__IT000107,E121p5_N23p5/IT000107.npz,128.0,128.0,100.0,99.5,True,5.0,True,True,both,True,True,False
IT000108,T009,F012,train,seen_island_seen_forcing,train,forcings/F012.npz,wind_only,0.0,0.0,0.0,8.0,13.956948522606583,,,,,,,,,,,left_only,False,False,False
IT000109,T010,F001,train,seen_island_seen_forcing,train,forcings/F001.npz,swell_no_wind,0.0,0.014183805877976777,2.3426587620068426,10.743781010865929,0.0,gebco15s__E121p5_N23p5__IT000109,E121p5_N23p5/IT000109.npz,128.0,128.0,99.61,99.5,True,6.0,True,True,both,True,True,False
IT000110,T010,F002,train,seen_island_seen_forcing,train,forcings/F002.npz,aligned_windsea,1.0865423574614188,0.02660100201057397,2.166895645345636,7.2037314655645215,11.246998611703624,gebco15s__E121p5_N23p5__IT000110,E121p5_N23p5/IT000110.npz,128.0,128.0,100.0,99.5,True,9.0,True,True,both,True,True,False
IT000111,T010,F003,train,seen_island_seen_forcing,train,forcings/F003.npz,swell_weak_wind,0.0,0.009155684308608539,1.1193990435105765,9.593620135018579,3.344258794068786,gebco15s__E121p5_N23p5__IT000111,E121p5_N23p5/IT000111.npz,128.0,128.0,99.65,99.5,True,4.0,True,True,both,True,True,False
IT000112,T010,F004,train,seen_island_seen_forcing,train,forcings/F004.npz,wind_only,0.0,0.0,0.0,8.0,9.767283995459827,,,,,,,,,,,left_only,False,False,False
IT000113,T010,F005,train,seen_island_seen_forcing,train,forcings/F005.npz,swell_no_wind,0.0,0.0061495790800769395,1.2567033578426547,12.196517501836674,0.0,gebco15s__E121p5_N23p5__IT000113,E121p5_N23p5/IT000113.npz,128.0,128.0,99.82,99.5,True,5.0,True,True,both,True,True,False
IT000114,T010,F006,train,seen_island_seen_forcing,train,forcings/F006.npz,aligned_windsea,0.908556113100931,0.020095449617102502,2.074590824397493,8.109480136000172,15.366474310386884,gebco15s__E121p5_N23p5__IT000114,E121p5_N23p5/IT000114.npz,128.0,128.0,99.73,99.5,True,14.0,True,True,both,True,True,False
IT000115,T010,F007,train,seen_island_seen_forcing,train,forcings/F007.npz,swell_weak_wind,0.0,0.0035029865304054652,0.8057825341552571,13.230191128229617,2.2560175581867385,gebco15s__E121p5_N23p5__IT000115,E121p5_N23p5/IT000115.npz,128.0,128.0,99.57,99.5,True,4.0,True,True,both,True,True,False
IT000116,T010,F008,train,seen_island_seen_forcing,train,forcings/F008.npz,wind_only,0.0,0.0,0.0,8.0,11.545017961357619,gebco15s__E121p5_N23p5__IT000116,E121p5_N23p5/IT000116.npz,128.0,128.0,99.52,99.5,True,23.0,True,True,both,True,True,False
IT000117,T010,F009,train,seen_island_seen_forcing,train,forcings/F009.npz,swell_no_wind,0.0,0.011488594043819864,1.2863683832404313,9.079111704727564,0.0,gebco15s__E121p5_N23p5__IT000117,E121p5_N23p5/IT000117.npz,128.0,128.0,99.92,99.5,True,5.0,True,True,both,True,True,False
IT000118,T010,F010,train,seen_island_seen_forcing,train,forcings/F010.npz,aligned_windsea,0.8304929158328038,0.026060653075929866,1.307973517182129,5.658173681085658,11.545185380997994,gebco15s__E121p5_N23p5__IT000118,E121p5_N23p5/IT000118.npz,128.0,128.0,99.9,99.5,True,10.0,True,True,both,True,True,False
IT000119,T010,F011,train,seen_island_seen_forcing,train,forcings/F011.npz,swell_weak_wind,0.0,0.019206827786428227,2.350178036750493,9.572786282430823,3.319636916225727,gebco15s__E121p5_N23p5__IT000119,E121p5_N23p5/IT000119.npz,128.0,128.0,99.68,99.5,True,6.0,True,True,both,True,True,False
IT000120,T010,F012,train,seen_island_seen_forcing,train,forcings/F012.npz,wind_only,0.0,0.0,0.0,8.0,13.956948522606583,,,,,,,,,,,left_only,False,False,False
IT000121,T011,F001,train,seen_island_seen_forcing,train,forcings/F001.npz,swell_no_wind,0.0,0.014183805877976777,2.3426587620068426,10.743781010865929,0.0,gebco15s__E121p5_N23p5__IT000121,E121p5_N23p5/IT000121.npz,128.0,128.0,99.74,99.5,True,4.0,True,True,both,True,True,False
IT000122,T011,F002,train,seen_island_seen_forcing,train,forcings/F002.npz,aligned_windsea,1.0865423574614188,0.02660100201057397,2.166895645345636,7.2037314655645215,11.246998611703624,gebco15s__E121p5_N23p5__IT000122,E121p5_N23p5/IT000122.npz,128.0,128.0,99.64,99.5,True,8.0,True,True,both,True,True,False
IT000123,T011,F003,train,seen_island_seen_forcing,train,forcings/F003.npz,swell_weak_wind,0.0,0.009155684308608539,1.1193990435105765,9.593620135018579,3.344258794068786,gebco15s__E121p5_N23p5__IT000123,E121p5_N23p5/IT000123.npz,128.0,128.0,100.0,99.5,True,4.0,True,True,both,True,True,False
IT000124,T011,F004,train,seen_island_seen_forcing,train,forcings/F004.npz,wind_only,0.0,0.0,0.0,8.0,9.767283995459827,,,,,,,,,,,left_only,False,False,False
IT000125,T011,F005,train,seen_island_seen_forcing,train,forcings/F005.npz,swell_no_wind,0.0,0.0061495790800769395,1.2567033578426547,12.196517501836674,0.0,gebco15s__E121p5_N23p5__IT000125,E121p5_N23p5/IT000125.npz,128.0,128.0,99.72,99.5,True,4.0,True,True,both,True,True,False
IT000126,T011,F006,train,seen_island_seen_forcing,train,forcings/F006.npz,aligned_windsea,0.908556113100931,0.020095449617102502,2.074590824397493,8.109480136000172,15.366474310386884,gebco15s__E121p5_N23p5__IT000126,E121p5_N23p5/IT000126.npz,128.0,128.0,99.57,99.5,True,10.0,True,True,both,True,True,False
IT000127,T011,F007,train,seen_island_seen_forcing,train,forcings/F007.npz,swell_weak_wind,0.0,0.0035029865304054652,0.8057825341552571,13.230191128229617,2.2560175581867385,gebco15s__E121p5_N23p5__IT000127,E121p5_N23p5/IT000127.npz,128.0,128.0,100.0,99.5,True,4.0,True,True,both,True,True,False
IT000128,T011,F008,train,seen_island_seen_forcing,train,forcings/F008.npz,wind_only,0.0,0.0,0.0,8.0,11.545017961357619,gebco15s__E121p5_N23p5__IT000128,E121p5_N23p5/IT000128.npz,128.0,128.0,99.55,99.5,True,26.0,True,True,both,True,True,False
IT000129,T011,F009,train,seen_island_seen_forcing,train,forcings/F009.npz,swell_no_wind,0.0,0.011488594043819864,1.2863683832404313,9.079111704727564,0.0,gebco15s__E121p5_N23p5__IT000129,E121p5_N23p5/IT000129.npz,128.0,128.0,100.0,99.5,True,4.0,True,True,both,True,True,False
IT000130,T011,F010,train,seen_island_seen_forcing,train,forcings/F010.npz,aligned_windsea,0.8304929158328038,0.026060653075929866,1.307973517182129,5.658173681085658,11.545185380997994,gebco15s__E121p5_N23p5__IT000130,E121p5_N23p5/IT000130.npz,128.0,128.0,99.65,99.5,True,9.0,True,True,both,True,True,False
IT000131,T011,F011,train,seen_island_seen_forcing,train,forcings/F011.npz,swell_weak_wind,0.0,0.019206827786428227,2.350178036750493,9.572786282430823,3.319636916225727,gebco15s__E121p5_N23p5__IT000131,E121p5_N23p5/IT000131.npz,128.0,128.0,99.93,99.5,True,5.0,True,True,both,True,True,False
IT000132,T011,F012,train,seen_island_seen_forcing,train,forcings/F012.npz,wind_only,0.0,0.0,0.0,8.0,13.956948522606583,,,,,,,,,,,left_only,False,False,False
IT000133,T012,F001,train,seen_island_seen_forcing,train,forcings/F001.npz,swell_no_wind,0.0,0.014183805877976777,2.3426587620068426,10.743781010865929,0.0,gebco15s__E121p5_N23p5__IT000133,E121p5_N23p5/IT000133.npz,128.0,128.0,99.6,99.5,True,6.0,True,True,both,True,True,False
IT000134,T012,F002,train,seen_island_seen_forcing,train,forcings/F002.npz,aligned_windsea,1.0865423574614188,0.02660100201057397,2.166895645345636,7.2037314655645215,11.246998611703624,gebco15s__E121p5_N23p5__IT000134,E121p5_N23p5/IT000134.npz,128.0,128.0,99.94,99.5,True,9.0,True,True,both,True,True,False
IT000135,T012,F003,train,seen_island_seen_forcing,train,forcings/F003.npz,swell_weak_wind,0.0,0.009155684308608539,1.1193990435105765,9.593620135018579,3.344258794068786,gebco15s__E121p5_N23p5__IT000135,E121p5_N23p5/IT000135.npz,128.0,128.0,100.0,99.5,True,4.0,True,True,both,True,True,False
IT000136,T012,F004,train,seen_island_seen_forcing,train,forcings/F004.npz,wind_only,0.0,0.0,0.0,8.0,9.767283995459827,,,,,,,,,,,left_only,False,False,False
IT000137,T012,F005,train,seen_island_seen_forcing,train,forcings/F005.npz,swell_no_wind,0.0,0.0061495790800769395,1.2567033578426547,12.196517501836674,0.0,gebco15s__E121p5_N23p5__IT000137,E121p5_N23p5/IT000137.npz,128.0,128.0,99.88,99.5,True,5.0,True,True,both,True,True,False
IT000138,T012,F006,train,seen_island_seen_forcing,train,forcings/F006.npz,aligned_windsea,0.908556113100931,0.020095449617102502,2.074590824397493,8.109480136000172,15.366474310386884,gebco15s__E121p5_N23p5__IT000138,E121p5_N23p5/IT000138.npz,128.0,128.0,99.77,99.5,True,11.0,True,True,both,True,True,False
IT000139,T012,F007,train,seen_island_seen_forcing,train,forcings/F007.npz,swell_weak_wind,0.0,0.0035029865304054652,0.8057825341552571,13.230191128229617,2.2560175581867385,gebco15s__E121p5_N23p5__IT000139,E121p5_N23p5/IT000139.npz,128.0,128.0,99.88,99.5,True,4.0,True,True,both,True,True,False
IT000140,T012,F008,train,seen_island_seen_forcing,train,forcings/F008.npz,wind_only,0.0,0.0,0.0,8.0,11.545017961357619,,,,,,,,,,,left_only,False,False,False
IT000141,T012,F009,train,seen_island_seen_forcing,train,forcings/F009.npz,swell_no_wind,0.0,0.011488594043819864,1.2863683832404313,9.079111704727564,0.0,gebco15s__E121p5_N23p5__IT000141,E121p5_N23p5/IT000141.npz,128.0,128.0,99.78,99.5,True,4.0,True,True,both,True,True,False
IT000142,T012,F010,train,seen_island_seen_forcing,train,forcings/F010.npz,aligned_windsea,0.8304929158328038,0.026060653075929866,1.307973517182129,5.658173681085658,11.545185380997994,gebco15s__E121p5_N23p5__IT000142,E121p5_N23p5/IT000142.npz,128.0,128.0,99.88,99.5,True,10.0,True,True,both,True,True,False
IT000143,T012,F011,train,seen_island_seen_forcing,train,forcings/F011.npz,swell_weak_wind,0.0,0.019206827786428227,2.350178036750493,9.572786282430823,3.319636916225727,gebco15s__E121p5_N23p5__IT000143,E121p5_N23p5/IT000143.npz,128.0,128.0,99.8,99.5,True,6.0,True,True,both,True,True,False
IT000144,T012,F012,train,seen_island_seen_forcing,train,forcings/F012.npz,wind_only,0.0,0.0,0.0,8.0,13.956948522606583,,,,,,,,,,,left_only,False,False,False
IT000145,T013,F001,train,seen_island_seen_forcing,train,forcings/F001.npz,swell_no_wind,0.0,0.014183805877976777,2.3426587620068426,10.743781010865929,0.0,gebco15s__E121p5_N23p5__IT000145,E121p5_N23p5/IT000145.npz,128.0,128.0,99.7,99.5,True,4.0,True,True,both,True,True,False
IT000146,T013,F002,train,seen_island_seen_forcing,train,forcings/F002.npz,aligned_windsea,1.0865423574614188,0.02660100201057397,2.166895645345636,7.2037314655645215,11.246998611703624,gebco15s__E121p5_N23p5__IT000146,E121p5_N23p5/IT000146.npz,128.0,128.0,99.53,99.5,True,7.0,True,True,both,True,True,False
IT000147,T013,F003,train,seen_island_seen_forcing,train,forcings/F003.npz,swell_weak_wind,0.0,0.009155684308608539,1.1193990435105765,9.593620135018579,3.344258794068786,gebco15s__E121p5_N23p5__IT000147,E121p5_N23p5/IT000147.npz,128.0,128.0,99.95,99.5,True,4.0,True,True,both,True,True,False
IT000148,T013,F004,train,seen_island_seen_forcing,train,forcings/F004.npz,wind_only,0.0,0.0,0.0,8.0,9.767283995459827,,,,,,,,,,,left_only,False,False,False
IT000149,T013,F005,train,seen_island_seen_forcing,train,forcings/F005.npz,swell_no_wind,0.0,0.0061495790800769395,1.2567033578426547,12.196517501836674,0.0,gebco15s__E121p5_N23p5__IT000149,E121p5_N23p5/IT000149.npz,128.0,128.0,99.67,99.5,True,4.0,True,True,both,True,True,False
IT000150,T013,F006,train,seen_island_seen_forcing,train,forcings/F006.npz,aligned_windsea,0.908556113100931,0.020095449617102502,2.074590824397493,8.109480136000172,15.366474310386884,gebco15s__E121p5_N23p5__IT000150,E121p5_N23p5/IT000150.npz,128.0,128.0,99.9,99.5,True,15.0,True,True,both,True,True,False
IT000151,T013,F007,train,seen_island_seen_forcing,train,forcings/F007.npz,swell_weak_wind,0.0,0.0035029865304054652,0.8057825341552571,13.230191128229617,2.2560175581867385,gebco15s__E121p5_N23p5__IT000151,E121p5_N23p5/IT000151.npz,128.0,128.0,99.99,99.5,True,4.0,True,True,both,True,True,False
IT000152,T013,F008,train,seen_island_seen_forcing,train,forcings/F008.npz,wind_only,0.0,0.0,0.0,8.0,11.545017961357619,gebco15s__E121p5_N23p5__IT000152,E121p5_N23p5/IT000152.npz,128.0,128.0,99.51,99.5,True,23.0,True,True,both,True,True,False
IT000153,T013,F009,train,seen_island_seen_forcing,train,forcings/F009.npz,swell_no_wind,0.0,0.011488594043819864,1.2863683832404313,9.079111704727564,0.0,gebco15s__E121p5_N23p5__IT000153,E121p5_N23p5/IT000153.npz,128.0,128.0,99.92,99.5,True,4.0,True,True,both,True,True,False
IT000154,T013,F010,train,seen_island_seen_forcing,train,forcings/F010.npz,aligned_windsea,0.8304929158328038,0.026060653075929866,1.307973517182129,5.658173681085658,11.545185380997994,gebco15s__E121p5_N23p5__IT000154,E121p5_N23p5/IT000154.npz,128.0,128.0,99.85,99.5,True,12.0,True,True,both,True,True,False
IT000155,T013,F011,train,seen_island_seen_forcing,train,forcings/F011.npz,swell_weak_wind,0.0,0.019206827786428227,2.350178036750493,9.572786282430823,3.319636916225727,gebco15s__E121p5_N23p5__IT000155,E121p5_N23p5/IT000155.npz,128.0,128.0,99.89,99.5,True,5.0,True,True,both,True,True,False
IT000156,T013,F012,train,seen_island_seen_forcing,train,forcings/F012.npz,wind_only,0.0,0.0,0.0,8.0,13.956948522606583,,,,,,,,,,,left_only,False,False,False
IT000157,T014,F001,train,seen_island_seen_forcing,train,forcings/F001.npz,swell_no_wind,0.0,0.014183805877976777,2.3426587620068426,10.743781010865929,0.0,gebco15s__E121p5_N23p5__IT000157,E121p5_N23p5/IT000157.npz,128.0,128.0,99.56,99.5,True,4.0,True,True,both,True,True,False
IT000158,T014,F002,train,seen_island_seen_forcing,train,forcings/F002.npz,aligned_windsea,1.0865423574614188,0.02660100201057397,2.166895645345636,7.2037314655645215,11.246998611703624,gebco15s__E121p5_N23p5__IT000158,E121p5_N23p5/IT000158.npz,128.0,128.0,99.73,99.5,True,8.0,True,True,both,True,True,False
IT000159,T014,F003,train,seen_island_seen_forcing,train,forcings/F003.npz,swell_weak_wind,0.0,0.009155684308608539,1.1193990435105765,9.593620135018579,3.344258794068786,gebco15s__E121p5_N23p5__IT000159,E121p5_N23p5/IT000159.npz,128.0,128.0,99.87,99.5,True,4.0,True,True,both,True,True,False
IT000160,T014,F004,train,seen_island_seen_forcing,train,forcings/F004.npz,wind_only,0.0,0.0,0.0,8.0,9.767283995459827,,,,,,,,,,,left_only,False,False,False
IT000161,T014,F005,train,seen_island_seen_forcing,train,forcings/F005.npz,swell_no_wind,0.0,0.0061495790800769395,1.2567033578426547,12.196517501836674,0.0,gebco15s__E121p5_N23p5__IT000161,E121p5_N23p5/IT000161.npz,128.0,128.0,100.0,99.5,True,5.0,True,True,both,True,True,False
IT000162,T014,F006,train,seen_island_seen_forcing,train,forcings/F006.npz,aligned_windsea,0.908556113100931,0.020095449617102502,2.074590824397493,8.109480136000172,15.366474310386884,gebco15s__E121p5_N23p5__IT000162,E121p5_N23p5/IT000162.npz,128.0,128.0,100.0,99.5,True,16.0,True,True,both,True,True,False
IT000163,T014,F007,train,seen_island_seen_forcing,train,forcings/F007.npz,swell_weak_wind,0.0,0.0035029865304054652,0.8057825341552571,13.230191128229617,2.2560175581867385,gebco15s__E121p5_N23p5__IT000163,E121p5_N23p5/IT000163.npz,128.0,128.0,99.96,99.5,True,4.0,True,True,both,True,True,False
IT000164,T014,F008,train,seen_island_seen_forcing,train,forcings/F008.npz,wind_only,0.0,0.0,0.0,8.0,11.545017961357619,gebco15s__E121p5_N23p5__IT000164,E121p5_N23p5/IT000164.npz,128.0,128.0,99.52,99.5,True,24.0,True,True,both,True,True,False
IT000165,T014,F009,train,seen_island_seen_forcing,train,forcings/F009.npz,swell_no_wind,0.0,0.011488594043819864,1.2863683832404313,9.079111704727564,0.0,gebco15s__E121p5_N23p5__IT000165,E121p5_N23p5/IT000165.npz,128.0,128.0,99.62,99.5,True,4.0,True,True,both,True,True,False
IT000166,T014,F010,train,seen_island_seen_forcing,train,forcings/F010.npz,aligned_windsea,0.8304929158328038,0.026060653075929866,1.307973517182129,5.658173681085658,11.545185380997994,gebco15s__E121p5_N23p5__IT000166,E121p5_N23p5/IT000166.npz,128.0,128.0,99.6,99.5,True,10.0,True,True,both,True,True,False
IT000167,T014,F011,train,seen_island_seen_forcing,train,forcings/F011.npz,swell_weak_wind,0.0,0.019206827786428227,2.350178036750493,9.572786282430823,3.319636916225727,gebco15s__E121p5_N23p5__IT000167,E121p5_N23p5/IT000167.npz,128.0,128.0,99.98,99.5,True,5.0,True,True,both,True,True,False
IT000168,T014,F012,train,seen_island_seen_forcing,train,forcings/F012.npz,wind_only,0.0,0.0,0.0,8.0,13.956948522606583,,,,,,,,,,,left_only,False,False,False
IT000169,T015,F001,train,seen_island_seen_forcing,train,forcings/F001.npz,swell_no_wind,0.0,0.014183805877976777,2.3426587620068426,10.743781010865929,0.0,gebco15s__E121p5_N23p5__IT000169,E121p5_N23p5/IT000169.npz,128.0,128.0,99.54,99.5,True,5.0,True,True,both,True,True,False
IT000170,T015,F002,train,seen_island_seen_forcing,train,forcings/F002.npz,aligned_windsea,1.0865423574614188,0.02660100201057397,2.166895645345636,7.2037314655645215,11.246998611703624,gebco15s__E121p5_N23p5__IT000170,E121p5_N23p5/IT000170.npz,128.0,128.0,99.6,99.5,True,9.0,True,True,both,True,True,False
IT000171,T015,F003,train,seen_island_seen_forcing,train,forcings/F003.npz,swell_weak_wind,0.0,0.009155684308608539,1.1193990435105765,9.593620135018579,3.344258794068786,gebco15s__E121p5_N23p5__IT000171,E121p5_N23p5/IT000171.npz,128.0,128.0,100.0,99.5,True,4.0,True,True,both,True,True,False
IT000172,T015,F004,train,seen_island_seen_forcing,train,forcings/F004.npz,wind_only,0.0,0.0,0.0,8.0,9.767283995459827,,,,,,,,,,,left_only,False,False,False
IT000173,T015,F005,train,seen_island_seen_forcing,train,forcings/F005.npz,swell_no_wind,0.0,0.0061495790800769395,1.2567033578426547,12.196517501836674,0.0,gebco15s__E121p5_N23p5__IT000173,E121p5_N23p5/IT000173.npz,128.0,128.0,100.0,99.5,True,5.0,True,True,both,True,True,False
IT000174,T015,F006,train,seen_island_seen_forcing,train,forcings/F006.npz,aligned_windsea,0.908556113100931,0.020095449617102502,2.074590824397493,8.109480136000172,15.366474310386884,gebco15s__E121p5_N23p5__IT000174,E121p5_N23p5/IT000174.npz,128.0,128.0,99.84,99.5,True,13.0,True,True,both,True,True,False
IT000175,T015,F007,train,seen_island_seen_forcing,train,forcings/F007.npz,swell_weak_wind,0.0,0.0035029865304054652,0.8057825341552571,13.230191128229617,2.2560175581867385,gebco15s__E121p5_N23p5__IT000175,E121p5_N23p5/IT000175.npz,128.0,128.0,99.99,99.5,True,4.0,True,True,both,True,True,False
IT000176,T015,F008,train,seen_island_seen_forcing,train,forcings/F008.npz,wind_only,0.0,0.0,0.0,8.0,11.545017961357619,gebco15s__E121p5_N23p5__IT000176,E121p5_N23p5/IT000176.npz,128.0,128.0,99.59,99.5,True,23.0,True,True,both,True,True,False
IT000177,T015,F009,train,seen_island_seen_forcing,train,forcings/F009.npz,swell_no_wind,0.0,0.011488594043819864,1.2863683832404313,9.079111704727564,0.0,gebco15s__E121p5_N23p5__IT000177,E121p5_N23p5/IT000177.npz,128.0,128.0,99.98,99.5,True,4.0,True,True,both,True,True,False
IT000178,T015,F010,train,seen_island_seen_forcing,train,forcings/F010.npz,aligned_windsea,0.8304929158328038,0.026060653075929866,1.307973517182129,5.658173681085658,11.545185380997994,gebco15s__E121p5_N23p5__IT000178,E121p5_N23p5/IT000178.npz,128.0,128.0,99.94,99.5,True,11.0,True,True,both,True,True,False
IT000179,T015,F011,train,seen_island_seen_forcing,train,forcings/F011.npz,swell_weak_wind,0.0,0.019206827786428227,2.350178036750493,9.572786282430823,3.319636916225727,gebco15s__E121p5_N23p5__IT000179,E121p5_N23p5/IT000179.npz,128.0,128.0,99.83,99.5,True,5.0,True,True,both,True,True,False
IT000180,T015,F012,train,seen_island_seen_forcing,train,forcings/F012.npz,wind_only,0.0,0.0,0.0,8.0,13.956948522606583,,,,,,,,,,,left_only,False,False,False
IT000181,T016,F001,train,seen_island_seen_forcing,train,forcings/F001.npz,swell_no_wind,0.0,0.014183805877976777,2.3426587620068426,10.743781010865929,0.0,gebco15s__E121p5_N23p5__IT000181,E121p5_N23p5/IT000181.npz,128.0,128.0,100.0,99.5,True,5.0,True,True,both,True,True,False
IT000182,T016,F002,train,seen_island_seen_forcing,train,forcings/F002.npz,aligned_windsea,1.0865423574614188,0.02660100201057397,2.166895645345636,7.2037314655645215,11.246998611703624,gebco15s__E121p5_N23p5__IT000182,E121p5_N23p5/IT000182.npz,128.0,128.0,99.93,99.5,True,7.0,True,True,both,True,True,False
IT000183,T016,F003,train,seen_island_seen_forcing,train,forcings/F003.npz,swell_weak_wind,0.0,0.009155684308608539,1.1193990435105765,9.593620135018579,3.344258794068786,gebco15s__E121p5_N23p5__IT000183,E121p5_N23p5/IT000183.npz,128.0,128.0,100.0,99.5,True,4.0,True,True,both,True,True,False
IT000184,T016,F004,train,seen_island_seen_forcing,train,forcings/F004.npz,wind_only,0.0,0.0,0.0,8.0,9.767283995459827,,,,,,,,,,,left_only,False,False,False
IT000185,T016,F005,train,seen_island_seen_forcing,train,forcings/F005.npz,swell_no_wind,0.0,0.0061495790800769395,1.2567033578426547,12.196517501836674,0.0,gebco15s__E121p5_N23p5__IT000185,E121p5_N23p5/IT000185.npz,128.0,128.0,100.0,99.5,True,5.0,True,True,both,True,True,False
IT000186,T016,F006,train,seen_island_seen_forcing,train,forcings/F006.npz,aligned_windsea,0.908556113100931,0.020095449617102502,2.074590824397493,8.109480136000172,15.366474310386884,gebco15s__E121p5_N23p5__IT000186,E121p5_N23p5/IT000186.npz,128.0,128.0,99.71,99.5,True,13.0,True,True,both,True,True,False
IT000187,T016,F007,train,seen_island_seen_forcing,train,forcings/F007.npz,swell_weak_wind,0.0,0.0035029865304054652,0.8057825341552571,13.230191128229617,2.2560175581867385,gebco15s__E121p5_N23p5__IT000187,E121p5_N23p5/IT000187.npz,128.0,128.0,100.0,99.5,True,5.0,True,True,both,True,True,False
IT000188,T016,F008,train,seen_island_seen_forcing,train,forcings/F008.npz,wind_only,0.0,0.0,0.0,8.0,11.545017961357619,,,,,,,,,,,left_only,False,False,False
IT000189,T016,F009,train,seen_island_seen_forcing,train,forcings/F009.npz,swell_no_wind,0.0,0.011488594043819864,1.2863683832404313,9.079111704727564,0.0,gebco15s__E121p5_N23p5__IT000189,E121p5_N23p5/IT000189.npz,128.0,128.0,99.88,99.5,True,4.0,True,True,both,True,True,False
IT000190,T016,F010,train,seen_island_seen_forcing,train,forcings/F010.npz,aligned_windsea,0.8304929158328038,0.026060653075929866,1.307973517182129,5.658173681085658,11.545185380997994,gebco15s__E121p5_N23p5__IT000190,E121p5_N23p5/IT000190.npz,128.0,128.0,99.93,99.5,True,12.0,True,True,both,True,True,False
IT000191,T016,F011,train,seen_island_seen_forcing,train,forcings/F011.npz,swell_weak_wind,0.0,0.019206827786428227,2.350178036750493,9.572786282430823,3.319636916225727,gebco15s__E121p5_N23p5__IT000191,E121p5_N23p5/IT000191.npz,128.0,128.0,100.0,99.5,True,5.0,True,True,both,True,True,False
IT000192,T016,F012,train,seen_island_seen_forcing,train,forcings/F012.npz,wind_only,0.0,0.0,0.0,8.0,13.956948522606583,,,,,,,,,,,left_only,False,False,False
IT000193,T017,F001,train,seen_island_seen_forcing,train,forcings/F001.npz,swell_no_wind,0.0,0.014183805877976777,2.3426587620068426,10.743781010865929,0.0,gebco15s__E121p5_N23p5__IT000193,E121p5_N23p5/IT000193.npz,128.0,128.0,99.56,99.5,True,6.0,True,True,both,True,True,False
IT000194,T017,F002,train,seen_island_seen_forcing,train,forcings/F002.npz,aligned_windsea,1.0865423574614188,0.02660100201057397,2.166895645345636,7.2037314655645215,11.246998611703624,gebco15s__E121p5_N23p5__IT000194,E121p5_N23p5/IT000194.npz,128.0,128.0,99.51,99.5,True,10.0,True,True,both,True,True,False
IT000195,T017,F003,train,seen_island_seen_forcing,train,forcings/F003.npz,swell_weak_wind,0.0,0.009155684308608539,1.1193990435105765,9.593620135018579,3.344258794068786,gebco15s__E121p5_N23p5__IT000195,E121p5_N23p5/IT000195.npz,128.0,128.0,99.87,99.5,True,4.0,True,True,both,True,True,False
IT000196,T017,F004,train,seen_island_seen_forcing,train,forcings/F004.npz,wind_only,0.0,0.0,0.0,8.0,9.767283995459827,,,,,,,,,,,left_only,False,False,False
IT000197,T017,F005,train,seen_island_seen_forcing,train,forcings/F005.npz,swell_no_wind,0.0,0.0061495790800769395,1.2567033578426547,12.196517501836674,0.0,gebco15s__E121p5_N23p5__IT000197,E121p5_N23p5/IT000197.npz,128.0,128.0,99.76,99.5,True,5.0,True,True,both,True,True,False
IT000198,T017,F006,train,seen_island_seen_forcing,train,forcings/F006.npz,aligned_windsea,0.908556113100931,0.020095449617102502,2.074590824397493,8.109480136000172,15.366474310386884,gebco15s__E121p5_N23p5__IT000198,E121p5_N23p5/IT000198.npz,128.0,128.0,99.73,99.5,True,15.0,True,True,both,True,True,False
IT000199,T017,F007,train,seen_island_seen_forcing,train,forcings/F007.npz,swell_weak_wind,0.0,0.0035029865304054652,0.8057825341552571,13.230191128229617,2.2560175581867385,gebco15s__E121p5_N23p5__IT000199,E121p5_N23p5/IT000199.npz,128.0,128.0,99.87,99.5,True,4.0,True,True,both,True,True,False
IT000200,T017,F008,train,seen_island_seen_forcing,train,forcings/F008.npz,wind_only,0.0,0.0,0.0,8.0,11.545017961357619,,,,,,,,,,,left_only,False,False,False
IT000201,T017,F009,train,seen_island_seen_forcing,train,forcings/F009.npz,swell_no_wind,0.0,0.011488594043819864,1.2863683832404313,9.079111704727564,0.0,gebco15s__E121p5_N23p5__IT000201,E121p5_N23p5/IT000201.npz,128.0,128.0,99.84,99.5,True,5.0,True,True,both,True,True,False
IT000202,T017,F010,train,seen_island_seen_forcing,train,forcings/F010.npz,aligned_windsea,0.8304929158328038,0.026060653075929866,1.307973517182129,5.658173681085658,11.545185380997994,gebco15s__E121p5_N23p5__IT000202,E121p5_N23p5/IT000202.npz,128.0,128.0,99.59,99.5,True,10.0,True,True,both,True,True,False
IT000203,T017,F011,train,seen_island_seen_forcing,train,forcings/F011.npz,swell_weak_wind,0.0,0.019206827786428227,2.350178036750493,9.572786282430823,3.319636916225727,gebco15s__E121p5_N23p5__IT000203,E121p5_N23p5/IT000203.npz,128.0,128.0,99.7,99.5,True,6.0,True,True,both,True,True,False
IT000204,T017,F012,train,seen_island_seen_forcing,train,forcings/F012.npz,wind_only,0.0,0.0,0.0,8.0,13.956948522606583,,,,,,,,,,,left_only,False,False,False
IT000205,T018,F001,train,seen_island_seen_forcing,train,forcings/F001.npz,swell_no_wind,0.0,0.014183805877976777,2.3426587620068426,10.743781010865929,0.0,gebco15s__E121p5_N23p5__IT000205,E121p5_N23p5/IT000205.npz,128.0,128.0,99.93,99.5,True,5.0,True,True,both,True,True,False
IT000206,T018,F002,train,seen_island_seen_forcing,train,forcings/F002.npz,aligned_windsea,1.0865423574614188,0.02660100201057397,2.166895645345636,7.2037314655645215,11.246998611703624,gebco15s__E121p5_N23p5__IT000206,E121p5_N23p5/IT000206.npz,128.0,128.0,100.0,99.5,True,7.0,True,True,both,True,True,False
IT000207,T018,F003,train,seen_island_seen_forcing,train,forcings/F003.npz,swell_weak_wind,0.0,0.009155684308608539,1.1193990435105765,9.593620135018579,3.344258794068786,gebco15s__E121p5_N23p5__IT000207,E121p5_N23p5/IT000207.npz,128.0,128.0,99.93,99.5,True,4.0,True,True,both,True,True,False
IT000208,T018,F004,train,seen_island_seen_forcing,train,forcings/F004.npz,wind_only,0.0,0.0,0.0,8.0,9.767283995459827,,,,,,,,,,,left_only,False,False,False
IT000209,T018,F005,train,seen_island_seen_forcing,train,forcings/F005.npz,swell_no_wind,0.0,0.0061495790800769395,1.2567033578426547,12.196517501836674,0.0,gebco15s__E121p5_N23p5__IT000209,E121p5_N23p5/IT000209.npz,128.0,128.0,99.8,99.5,True,5.0,True,True,both,True,True,False
IT000210,T018,F006,train,seen_island_seen_forcing,train,forcings/F006.npz,aligned_windsea,0.908556113100931,0.020095449617102502,2.074590824397493,8.109480136000172,15.366474310386884,gebco15s__E121p5_N23p5__IT000210,E121p5_N23p5/IT000210.npz,128.0,128.0,99.61,99.5,True,15.0,True,True,both,True,True,False
IT000211,T018,F007,train,seen_island_seen_forcing,train,forcings/F007.npz,swell_weak_wind,0.0,0.0035029865304054652,0.8057825341552571,13.230191128229617,2.2560175581867385,gebco15s__E121p5_N23p5__IT000211,E121p5_N23p5/IT000211.npz,128.0,128.0,99.97,99.5,True,5.0,True,True,both,True,True,False
IT000212,T018,F008,train,seen_island_seen_forcing,train,forcings/F008.npz,wind_only,0.0,0.0,0.0,8.0,11.545017961357619,,,,,,,,,,,left_only,False,False,False
IT000213,T018,F009,train,seen_island_seen_forcing,train,forcings/F009.npz,swell_no_wind,0.0,0.011488594043819864,1.2863683832404313,9.079111704727564,0.0,gebco15s__E121p5_N23p5__IT000213,E121p5_N23p5/IT000213.npz,128.0,128.0,99.65,99.5,True,4.0,True,True,both,True,True,False
IT000214,T018,F010,train,seen_island_seen_forcing,train,forcings/F010.npz,aligned_windsea,0.8304929158328038,0.026060653075929866,1.307973517182129,5.658173681085658,11.545185380997994,gebco15s__E121p5_N23p5__IT000214,E121p5_N23p5/IT000214.npz,128.0,128.0,99.99,99.5,True,12.0,True,True,both,True,True,False
IT000215,T018,F011,train,seen_island_seen_forcing,train,forcings/F011.npz,swell_weak_wind,0.0,0.019206827786428227,2.350178036750493,9.572786282430823,3.319636916225727,gebco15s__E121p5_N23p5__IT000215,E121p5_N23p5/IT000215.npz,128.0,128.0,99.98,99.5,True,5.0,True,True,both,True,True,False
IT000216,T018,F012,train,seen_island_seen_forcing,train,forcings/F012.npz,wind_only,0.0,0.0,0.0,8.0,13.956948522606583,,,,,,,,,,,left_only,False,False,False
IT000217,T019,F001,train,seen_island_seen_forcing,train,forcings/F001.npz,swell_no_wind,0.0,0.014183805877976777,2.3426587620068426,10.743781010865929,0.0,gebco15s__E121p5_N23p5__IT000217,E121p5_N23p5/IT000217.npz,128.0,128.0,99.53,99.5,True,4.0,True,True,both,True,True,False
IT000218,T019,F002,train,seen_island_seen_forcing,train,forcings/F002.npz,aligned_windsea,1.0865423574614188,0.02660100201057397,2.166895645345636,7.2037314655645215,11.246998611703624,gebco15s__E121p5_N23p5__IT000218,E121p5_N23p5/IT000218.npz,128.0,128.0,99.66,99.5,True,9.0,True,True,both,True,True,False
IT000219,T019,F003,train,seen_island_seen_forcing,train,forcings/F003.npz,swell_weak_wind,0.0,0.009155684308608539,1.1193990435105765,9.593620135018579,3.344258794068786,gebco15s__E121p5_N23p5__IT000219,E121p5_N23p5/IT000219.npz,128.0,128.0,100.0,99.5,True,4.0,True,True,both,True,True,False
IT000220,T019,F004,train,seen_island_seen_forcing,train,forcings/F004.npz,wind_only,0.0,0.0,0.0,8.0,9.767283995459827,,,,,,,,,,,left_only,False,False,False
IT000221,T019,F005,train,seen_island_seen_forcing,train,forcings/F005.npz,swell_no_wind,0.0,0.0061495790800769395,1.2567033578426547,12.196517501836674,0.0,gebco15s__E121p5_N23p5__IT000221,E121p5_N23p5/IT000221.npz,128.0,128.0,99.5,99.5,True,4.0,True,True,both,True,True,False
IT000222,T019,F006,train,seen_island_seen_forcing,train,forcings/F006.npz,aligned_windsea,0.908556113100931,0.020095449617102502,2.074590824397493,8.109480136000172,15.366474310386884,gebco15s__E121p5_N23p5__IT000222,E121p5_N23p5/IT000222.npz,128.0,128.0,99.84,99.5,True,12.0,True,True,both,True,True,False
IT000223,T019,F007,train,seen_island_seen_forcing,train,forcings/F007.npz,swell_weak_wind,0.0,0.0035029865304054652,0.8057825341552571,13.230191128229617,2.2560175581867385,gebco15s__E121p5_N23p5__IT000223,E121p5_N23p5/IT000223.npz,128.0,128.0,100.0,99.5,True,4.0,True,True,both,True,True,False
IT000224,T019,F008,train,seen_island_seen_forcing,train,forcings/F008.npz,wind_only,0.0,0.0,0.0,8.0,11.545017961357619,,,,,,,,,,,left_only,False,False,False
IT000225,T019,F009,train,seen_island_seen_forcing,train,forcings/F009.npz,swell_no_wind,0.0,0.011488594043819864,1.2863683832404313,9.079111704727564,0.0,gebco15s__E121p5_N23p5__IT000225,E121p5_N23p5/IT000225.npz,128.0,128.0,100.0,99.5,True,4.0,True,True,both,True,True,False
IT000226,T019,F010,train,seen_island_seen_forcing,train,forcings/F010.npz,aligned_windsea,0.8304929158328038,0.026060653075929866,1.307973517182129,5.658173681085658,11.545185380997994,gebco15s__E121p5_N23p5__IT000226,E121p5_N23p5/IT000226.npz,128.0,128.0,99.96,99.5,True,10.0,True,True,both,True,True,False
IT000227,T019,F011,train,seen_island_seen_forcing,train,forcings/F011.npz,swell_weak_wind,0.0,0.019206827786428227,2.350178036750493,9.572786282430823,3.319636916225727,gebco15s__E121p5_N23p5__IT000227,E121p5_N23p5/IT000227.npz,128.0,128.0,99.88,99.5,True,5.0,True,True,both,True,True,False
IT000228,T019,F012,train,seen_island_seen_forcing,train,forcings/F012.npz,wind_only,0.0,0.0,0.0,8.0,13.956948522606583,,,,,,,,,,,left_only,False,False,False
IT000229,T020,F001,train,seen_island_seen_forcing,train,forcings/F001.npz,swell_no_wind,0.0,0.014183805877976777,2.3426587620068426,10.743781010865929,0.0,gebco15s__E121p5_N23p5__IT000229,E121p5_N23p5/IT000229.npz,128.0,128.0,99.55,99.5,True,5.0,True,True,both,True,True,False
IT000230,T020,F002,train,seen_island_seen_forcing,train,forcings/F002.npz,aligned_windsea,1.0865423574614188,0.02660100201057397,2.166895645345636,7.2037314655645215,11.246998611703624,gebco15s__E121p5_N23p5__IT000230,E121p5_N23p5/IT000230.npz,128.0,128.0,99.69,99.5,True,9.0,True,True,both,True,True,False
IT000231,T020,F003,train,seen_island_seen_forcing,train,forcings/F003.npz,swell_weak_wind,0.0,0.009155684308608539,1.1193990435105765,9.593620135018579,3.344258794068786,gebco15s__E121p5_N23p5__IT000231,E121p5_N23p5/IT000231.npz,128.0,128.0,100.0,99.5,True,4.0,True,True,both,True,True,False
IT000232,T020,F004,train,seen_island_seen_forcing,train,forcings/F004.npz,wind_only,0.0,0.0,0.0,8.0,9.767283995459827,,,,,,,,,,,left_only,False,False,False
IT000233,T020,F005,train,seen_island_seen_forcing,train,forcings/F005.npz,swell_no_wind,0.0,0.0061495790800769395,1.2567033578426547,12.196517501836674,0.0,gebco15s__E121p5_N23p5__IT000233,E121p5_N23p5/IT000233.npz,128.0,128.0,100.0,99.5,True,5.0,True,True,both,True,True,False
IT000234,T020,F006,train,seen_island_seen_forcing,train,forcings/F006.npz,aligned_windsea,0.908556113100931,0.020095449617102502,2.074590824397493,8.109480136000172,15.366474310386884,gebco15s__E121p5_N23p5__IT000234,E121p5_N23p5/IT000234.npz,128.0,128.0,99.77,99.5,True,12.0,True,True,both,True,True,False
IT000235,T020,F007,train,seen_island_seen_forcing,train,forcings/F007.npz,swell_weak_wind,0.0,0.0035029865304054652,0.8057825341552571,13.230191128229617,2.2560175581867385,gebco15s__E121p5_N23p5__IT000235,E121p5_N23p5/IT000235.npz,128.0,128.0,99.99,99.5,True,4.0,True,True,both,True,True,False
IT000236,T020,F008,train,seen_island_seen_forcing,train,forcings/F008.npz,wind_only,0.0,0.0,0.0,8.0,11.545017961357619,gebco15s__E121p5_N23p5__IT000236,E121p5_N23p5/IT000236.npz,128.0,128.0,99.5,99.5,True,25.0,True,True,both,True,True,False
IT000237,T020,F009,train,seen_island_seen_forcing,train,forcings/F009.npz,swell_no_wind,0.0,0.011488594043819864,1.2863683832404313,9.079111704727564,0.0,gebco15s__E121p5_N23p5__IT000237,E121p5_N23p5/IT000237.npz,128.0,128.0,99.98,99.5,True,4.0,True,True,both,True,True,False
IT000238,T020,F010,train,seen_island_seen_forcing,train,forcings/F010.npz,aligned_windsea,0.8304929158328038,0.026060653075929866,1.307973517182129,5.658173681085658,11.545185380997994,gebco15s__E121p5_N23p5__IT000238,E121p5_N23p5/IT000238.npz,128.0,128.0,99.65,99.5,True,10.0,True,True,both,True,True,False
IT000239,T020,F011,train,seen_island_seen_forcing,train,forcings/F011.npz,swell_weak_wind,0.0,0.019206827786428227,2.350178036750493,9.572786282430823,3.319636916225727,gebco15s__E121p5_N23p5__IT000239,E121p5_N23p5/IT000239.npz,128.0,128.0,99.7,99.5,True,5.0,True,True,both,True,True,False
IT000240,T020,F012,train,seen_island_seen_forcing,train,forcings/F012.npz,wind_only,0.0,0.0,0.0,8.0,13.956948522606583,,,,,,,,,,,left_only,False,False,False
IT000241,T021,F001,train,seen_island_seen_forcing,train,forcings/F001.npz,swell_no_wind,0.0,0.014183805877976777,2.3426587620068426,10.743781010865929,0.0,gebco15s__E121p5_N23p5__IT000241,E121p5_N23p5/IT000241.npz,128.0,128.0,99.9,99.5,True,4.0,True,True,both,True,True,False
IT000242,T021,F002,train,seen_island_seen_forcing,train,forcings/F002.npz,aligned_windsea,1.0865423574614188,0.02660100201057397,2.166895645345636,7.2037314655645215,11.246998611703624,gebco15s__E121p5_N23p5__IT000242,E121p5_N23p5/IT000242.npz,128.0,128.0,100.0,99.5,True,9.0,True,True,both,True,True,False
IT000243,T021,F003,train,seen_island_seen_forcing,train,forcings/F003.npz,swell_weak_wind,0.0,0.009155684308608539,1.1193990435105765,9.593620135018579,3.344258794068786,gebco15s__E121p5_N23p5__IT000243,E121p5_N23p5/IT000243.npz,128.0,128.0,100.0,99.5,True,4.0,True,True,both,True,True,False
IT000244,T021,F004,train,seen_island_seen_forcing,train,forcings/F004.npz,wind_only,0.0,0.0,0.0,8.0,9.767283995459827,,,,,,,,,,,left_only,False,False,False
IT000245,T021,F005,train,seen_island_seen_forcing,train,forcings/F005.npz,swell_no_wind,0.0,0.0061495790800769395,1.2567033578426547,12.196517501836674,0.0,gebco15s__E121p5_N23p5__IT000245,E121p5_N23p5/IT000245.npz,128.0,128.0,99.77,99.5,True,4.0,True,True,both,True,True,False
IT000246,T021,F006,train,seen_island_seen_forcing,train,forcings/F006.npz,aligned_windsea,0.908556113100931,0.020095449617102502,2.074590824397493,8.109480136000172,15.366474310386884,gebco15s__E121p5_N23p5__IT000246,E121p5_N23p5/IT000246.npz,128.0,128.0,99.73,99.5,True,14.0,True,True,both,True,True,False
IT000247,T021,F007,train,seen_island_seen_forcing,train,forcings/F007.npz,swell_weak_wind,0.0,0.0035029865304054652,0.8057825341552571,13.230191128229617,2.2560175581867385,gebco15s__E121p5_N23p5__IT000247,E121p5_N23p5/IT000247.npz,128.0,128.0,100.0,99.5,True,4.0,True,True,both,True,True,False
IT000248,T021,F008,train,seen_island_seen_forcing,train,forcings/F008.npz,wind_only,0.0,0.0,0.0,8.0,11.545017961357619,,,,,,,,,,,left_only,False,False,False
IT000249,T021,F009,train,seen_island_seen_forcing,train,forcings/F009.npz,swell_no_wind,0.0,0.011488594043819864,1.2863683832404313,9.079111704727564,0.0,gebco15s__E121p5_N23p5__IT000249,E121p5_N23p5/IT000249.npz,128.0,128.0,100.0,99.5,True,4.0,True,True,both,True,True,False
IT000250,T021,F010,train,seen_island_seen_forcing,train,forcings/F010.npz,aligned_windsea,0.8304929158328038,0.026060653075929866,1.307973517182129,5.658173681085658,11.545185380997994,gebco15s__E121p5_N23p5__IT000250,E121p5_N23p5/IT000250.npz,128.0,128.0,99.85,99.5,True,10.0,True,True,both,True,True,False
IT000251,T021,F011,train,seen_island_seen_forcing,train,forcings/F011.npz,swell_weak_wind,0.0,0.019206827786428227,2.350178036750493,9.572786282430823,3.319636916225727,gebco15s__E121p5_N23p5__IT000251,E121p5_N23p5/IT000251.npz,128.0,128.0,100.0,99.5,True,5.0,True,True,both,True,True,False
IT000252,T021,F012,train,seen_island_seen_forcing,train,forcings/F012.npz,wind_only,0.0,0.0,0.0,8.0,13.956948522606583,,,,,,,,,,,left_only,False,False,False
IT000253,T022,F001,train,seen_island_seen_forcing,train,forcings/F001.npz,swell_no_wind,0.0,0.014183805877976777,2.3426587620068426,10.743781010865929,0.0,gebco15s__E121p5_N23p5__IT000253,E121p5_N23p5/IT000253.npz,128.0,128.0,99.62,99.5,True,4.0,True,True,both,True,True,False
IT000254,T022,F002,train,seen_island_seen_forcing,train,forcings/F002.npz,aligned_windsea,1.0865423574614188,0.02660100201057397,2.166895645345636,7.2037314655645215,11.246998611703624,gebco15s__E121p5_N23p5__IT000254,E121p5_N23p5/IT000254.npz,128.0,128.0,99.93,99.5,True,9.0,True,True,both,True,True,False
IT000255,T022,F003,train,seen_island_seen_forcing,train,forcings/F003.npz,swell_weak_wind,0.0,0.009155684308608539,1.1193990435105765,9.593620135018579,3.344258794068786,gebco15s__E121p5_N23p5__IT000255,E121p5_N23p5/IT000255.npz,128.0,128.0,100.0,99.5,True,4.0,True,True,both,True,True,False
IT000256,T022,F004,train,seen_island_seen_forcing,train,forcings/F004.npz,wind_only,0.0,0.0,0.0,8.0,9.767283995459827,,,,,,,,,,,left_only,False,False,False
IT000257,T022,F005,train,seen_island_seen_forcing,train,forcings/F005.npz,swell_no_wind,0.0,0.0061495790800769395,1.2567033578426547,12.196517501836674,0.0,gebco15s__E121p5_N23p5__IT000257,E121p5_N23p5/IT000257.npz,128.0,128.0,99.99,99.5,True,5.0,True,True,both,True,True,False
IT000258,T022,F006,train,seen_island_seen_forcing,train,forcings/F006.npz,aligned_windsea,0.908556113100931,0.020095449617102502,2.074590824397493,8.109480136000172,15.366474310386884,gebco15s__E121p5_N23p5__IT000258,E121p5_N23p5/IT000258.npz,128.0,128.0,99.96,99.5,True,15.0,True,True,both,True,True,False
IT000259,T022,F007,train,seen_island_seen_forcing,train,forcings/F007.npz,swell_weak_wind,0.0,0.0035029865304054652,0.8057825341552571,13.230191128229617,2.2560175581867385,gebco15s__E121p5_N23p5__IT000259,E121p5_N23p5/IT000259.npz,128.0,128.0,100.0,99.5,True,4.0,True,True,both,True,True,False
IT000260,T022,F008,train,seen_island_seen_forcing,train,forcings/F008.npz,wind_only,0.0,0.0,0.0,8.0,11.545017961357619,gebco15s__E121p5_N23p5__IT000260,E121p5_N23p5/IT000260.npz,128.0,128.0,99.66,99.5,True,23.0,True,True,both,True,True,False
IT000261,T022,F009,train,seen_island_seen_forcing,train,forcings/F009.npz,swell_no_wind,0.0,0.011488594043819864,1.2863683832404313,9.079111704727564,0.0,gebco15s__E121p5_N23p5__IT000261,E121p5_N23p5/IT000261.npz,128.0,128.0,99.96,99.5,True,4.0,True,True,both,True,True,False
IT000262,T022,F010,train,seen_island_seen_forcing,train,forcings/F010.npz,aligned_windsea,0.8304929158328038,0.026060653075929866,1.307973517182129,5.658173681085658,11.545185380997994,gebco15s__E121p5_N23p5__IT000262,E121p5_N23p5/IT000262.npz,128.0,128.0,99.96,99.5,True,12.0,True,True,both,True,True,False
IT000263,T022,F011,train,seen_island_seen_forcing,train,forcings/F011.npz,swell_weak_wind,0.0,0.019206827786428227,2.350178036750493,9.572786282430823,3.319636916225727,gebco15s__E121p5_N23p5__IT000263,E121p5_N23p5/IT000263.npz,128.0,128.0,99.91,99.5,True,5.0,True,True,both,True,True,False
IT000264,T022,F012,train,seen_island_seen_forcing,train,forcings/F012.npz,wind_only,0.0,0.0,0.0,8.0,13.956948522606583,,,,,,,,,,,left_only,False,False,False
IT000265,T023,F001,train,seen_island_seen_forcing,train,forcings/F001.npz,swell_no_wind,0.0,0.014183805877976777,2.3426587620068426,10.743781010865929,0.0,gebco15s__E121p5_N23p5__IT000265,E121p5_N23p5/IT000265.npz,128.0,128.0,99.78,99.5,True,4.0,True,True,both,True,True,False
IT000266,T023,F002,train,seen_island_seen_forcing,train,forcings/F002.npz,aligned_windsea,1.0865423574614188,0.02660100201057397,2.166895645345636,7.2037314655645215,11.246998611703624,gebco15s__E121p5_N23p5__IT000266,E121p5_N23p5/IT000266.npz,128.0,128.0,99.95,99.5,True,7.0,True,True,both,True,True,False
IT000267,T023,F003,train,seen_island_seen_forcing,train,forcings/F003.npz,swell_weak_wind,0.0,0.009155684308608539,1.1193990435105765,9.593620135018579,3.344258794068786,gebco15s__E121p5_N23p5__IT000267,E121p5_N23p5/IT000267.npz,128.0,128.0,100.0,99.5,True,4.0,True,True,both,True,True,False
IT000268,T023,F004,train,seen_island_seen_forcing,train,forcings/F004.npz,wind_only,0.0,0.0,0.0,8.0,9.767283995459827,,,,,,,,,,,left_only,False,False,False
IT000269,T023,F005,train,seen_island_seen_forcing,train,forcings/F005.npz,swell_no_wind,0.0,0.0061495790800769395,1.2567033578426547,12.196517501836674,0.0,gebco15s__E121p5_N23p5__IT000269,E121p5_N23p5/IT000269.npz,128.0,128.0,99.68,99.5,True,4.0,True,True,both,True,True,False
IT000270,T023,F006,train,seen_island_seen_forcing,train,forcings/F006.npz,aligned_windsea,0.908556113100931,0.020095449617102502,2.074590824397493,8.109480136000172,15.366474310386884,gebco15s__E121p5_N23p5__IT000270,E121p5_N23p5/IT000270.npz,128.0,128.0,99.72,99.5,True,11.0,True,True,both,True,True,False
IT000271,T023,F007,train,seen_island_seen_forcing,train,forcings/F007.npz,swell_weak_wind,0.0,0.0035029865304054652,0.8057825341552571,13.230191128229617,2.2560175581867385,gebco15s__E121p5_N23p5__IT000271,E121p5_N23p5/IT000271.npz,128.0,128.0,99.99,99.5,True,4.0,True,True,both,True,True,False
IT000272,T023,F008,train,seen_island_seen_forcing,train,forcings/F008.npz,wind_only,0.0,0.0,0.0,8.0,11.545017961357619,gebco15s__E121p5_N23p5__IT000272,E121p5_N23p5/IT000272.npz,128.0,128.0,99.5,99.5,True,25.0,True,True,both,True,True,False
IT000273,T023,F009,train,seen_island_seen_forcing,train,forcings/F009.npz,swell_no_wind,0.0,0.011488594043819864,1.2863683832404313,9.079111704727564,0.0,gebco15s__E121p5_N23p5__IT000273,E121p5_N23p5/IT000273.npz,128.0,128.0,100.0,99.5,True,4.0,True,True,both,True,True,False
IT000274,T023,F010,train,seen_island_seen_forcing,train,forcings/F010.npz,aligned_windsea,0.8304929158328038,0.026060653075929866,1.307973517182129,5.658173681085658,11.545185380997994,gebco15s__E121p5_N23p5__IT000274,E121p5_N23p5/IT000274.npz,128.0,128.0,99.57,99.5,True,10.0,True,True,both,True,True,False
IT000275,T023,F011,train,seen_island_seen_forcing,train,forcings/F011.npz,swell_weak_wind,0.0,0.019206827786428227,2.350178036750493,9.572786282430823,3.319636916225727,gebco15s__E121p5_N23p5__IT000275,E121p5_N23p5/IT000275.npz,128.0,128.0,99.93,99.5,True,5.0,True,True,both,True,True,False
IT000276,T023,F012,train,seen_island_seen_forcing,train,forcings/F012.npz,wind_only,0.0,0.0,0.0,8.0,13.956948522606583,,,,,,,,,,,left_only,False,False,False
IT000277,T024,F001,train,seen_island_seen_forcing,train,forcings/F001.npz,swell_no_wind,0.0,0.014183805877976777,2.3426587620068426,10.743781010865929,0.0,gebco15s__E121p5_N23p5__IT000277,E121p5_N23p5/IT000277.npz,128.0,128.0,99.6,99.5,True,5.0,True,True,both,True,True,False
IT000278,T024,F002,train,seen_island_seen_forcing,train,forcings/F002.npz,aligned_windsea,1.0865423574614188,0.02660100201057397,2.166895645345636,7.2037314655645215,11.246998611703624,gebco15s__E121p5_N23p5__IT000278,E121p5_N23p5/IT000278.npz,128.0,128.0,99.91,99.5,True,8.0,True,True,both,True,True,False
IT000279,T024,F003,train,seen_island_seen_forcing,train,forcings/F003.npz,swell_weak_wind,0.0,0.009155684308608539,1.1193990435105765,9.593620135018579,3.344258794068786,gebco15s__E121p5_N23p5__IT000279,E121p5_N23p5/IT000279.npz,128.0,128.0,99.82,99.5,True,4.0,True,True,both,True,True,False
IT000280,T024,F004,train,seen_island_seen_forcing,train,forcings/F004.npz,wind_only,0.0,0.0,0.0,8.0,9.767283995459827,,,,,,,,,,,left_only,False,False,False
IT000281,T024,F005,train,seen_island_seen_forcing,train,forcings/F005.npz,swell_no_wind,0.0,0.0061495790800769395,1.2567033578426547,12.196517501836674,0.0,gebco15s__E121p5_N23p5__IT000281,E121p5_N23p5/IT000281.npz,128.0,128.0,99.89,99.5,True,5.0,True,True,both,True,True,False
IT000282,T024,F006,train,seen_island_seen_forcing,train,forcings/F006.npz,aligned_windsea,0.908556113100931,0.020095449617102502,2.074590824397493,8.109480136000172,15.366474310386884,gebco15s__E121p5_N23p5__IT000282,E121p5_N23p5/IT000282.npz,128.0,128.0,100.0,99.5,True,13.0,True,True,both,True,True,False
IT000283,T024,F007,train,seen_island_seen_forcing,train,forcings/F007.npz,swell_weak_wind,0.0,0.0035029865304054652,0.8057825341552571,13.230191128229617,2.2560175581867385,gebco15s__E121p5_N23p5__IT000283,E121p5_N23p5/IT000283.npz,128.0,128.0,99.74,99.5,True,4.0,True,True,both,True,True,False
IT000284,T024,F008,train,seen_island_seen_forcing,train,forcings/F008.npz,wind_only,0.0,0.0,0.0,8.0,11.545017961357619,gebco15s__E121p5_N23p5__IT000284,E121p5_N23p5/IT000284.npz,128.0,128.0,99.51,99.5,True,23.0,True,True,both,True,True,False
IT000285,T024,F009,train,seen_island_seen_forcing,train,forcings/F009.npz,swell_no_wind,0.0,0.011488594043819864,1.2863683832404313,9.079111704727564,0.0,gebco15s__E121p5_N23p5__IT000285,E121p5_N23p5/IT000285.npz,128.0,128.0,99.61,99.5,True,4.0,True,True,both,True,True,False
IT000286,T024,F010,train,seen_island_seen_forcing,train,forcings/F010.npz,aligned_windsea,0.8304929158328038,0.026060653075929866,1.307973517182129,5.658173681085658,11.545185380997994,gebco15s__E121p5_N23p5__IT000286,E121p5_N23p5/IT000286.npz,128.0,128.0,99.86,99.5,True,10.0,True,True,both,True,True,False
IT000287,T024,F011,train,seen_island_seen_forcing,train,forcings/F011.npz,swell_weak_wind,0.0,0.019206827786428227,2.350178036750493,9.572786282430823,3.319636916225727,gebco15s__E121p5_N23p5__IT000287,E121p5_N23p5/IT000287.npz,128.0,128.0,99.69,99.5,True,5.0,True,True,both,True,True,False
IT000288,T024,F012,train,seen_island_seen_forcing,train,forcings/F012.npz,wind_only,0.0,0.0,0.0,8.0,13.956948522606583,,,,,,,,,,,left_only,False,False,False
IT000289,T025,F001,validation,new_island,train,forcings/F001.npz,swell_no_wind,0.0,0.014183805877976777,2.3426587620068426,10.743781010865929,0.0,gebco15s__E121p5_N23p5__IT000289,E121p5_N23p5/IT000289.npz,128.0,128.0,99.64,99.5,True,5.0,True,True,both,True,True,False
IT000290,T025,F002,validation,new_island,train,forcings/F002.npz,aligned_windsea,1.0865423574614188,0.02660100201057397,2.166895645345636,7.2037314655645215,11.246998611703624,gebco15s__E121p5_N23p5__IT000290,E121p5_N23p5/IT000290.npz,128.0,128.0,99.96,99.5,True,8.0,True,True,both,True,True,False
IT000291,T025,F003,validation,new_island,train,forcings/F003.npz,swell_weak_wind,0.0,0.009155684308608539,1.1193990435105765,9.593620135018579,3.344258794068786,gebco15s__E121p5_N23p5__IT000291,E121p5_N23p5/IT000291.npz,128.0,128.0,100.0,99.5,True,5.0,True,True,both,True,True,False
IT000292,T025,F004,validation,new_island,train,forcings/F004.npz,wind_only,0.0,0.0,0.0,8.0,9.767283995459827,,,,,,,,,,,left_only,False,False,False
IT000293,T025,F005,validation,new_island,train,forcings/F005.npz,swell_no_wind,0.0,0.0061495790800769395,1.2567033578426547,12.196517501836674,0.0,gebco15s__E121p5_N23p5__IT000293,E121p5_N23p5/IT000293.npz,128.0,128.0,100.0,99.5,True,6.0,True,True,both,True,True,False
IT000294,T025,F006,validation,new_island,train,forcings/F006.npz,aligned_windsea,0.908556113100931,0.020095449617102502,2.074590824397493,8.109480136000172,15.366474310386884,gebco15s__E121p5_N23p5__IT000294,E121p5_N23p5/IT000294.npz,128.0,128.0,99.84,99.5,True,15.0,True,True,both,True,True,False
IT000295,T025,F007,validation,new_island,train,forcings/F007.npz,swell_weak_wind,0.0,0.0035029865304054652,0.8057825341552571,13.230191128229617,2.2560175581867385,gebco15s__E121p5_N23p5__IT000295,E121p5_N23p5/IT000295.npz,128.0,128.0,100.0,99.5,True,6.0,True,True,both,True,True,False
IT000296,T025,F008,validation,new_island,train,forcings/F008.npz,wind_only,0.0,0.0,0.0,8.0,11.545017961357619,gebco15s__E121p5_N23p5__IT000296,E121p5_N23p5/IT000296.npz,128.0,128.0,99.66,99.5,True,23.0,True,True,both,True,True,False
IT000297,T025,F009,validation,new_island,train,forcings/F009.npz,swell_no_wind,0.0,0.011488594043819864,1.2863683832404313,9.079111704727564,0.0,gebco15s__E121p5_N23p5__IT000297,E121p5_N23p5/IT000297.npz,128.0,128.0,100.0,99.5,True,5.0,True,True,both,True,True,False
IT000298,T025,F010,validation,new_island,train,forcings/F010.npz,aligned_windsea,0.8304929158328038,0.026060653075929866,1.307973517182129,5.658173681085658,11.545185380997994,gebco15s__E121p5_N23p5__IT000298,E121p5_N23p5/IT000298.npz,128.0,128.0,100.0,99.5,True,10.0,True,True,both,True,True,False
IT000299,T025,F011,validation,new_island,train,forcings/F011.npz,swell_weak_wind,0.0,0.019206827786428227,2.350178036750493,9.572786282430823,3.319636916225727,gebco15s__E121p5_N23p5__IT000299,E121p5_N23p5/IT000299.npz,128.0,128.0,99.98,99.5,True,6.0,True,True,both,True,True,False
IT000300,T025,F012,validation,new_island,train,forcings/F012.npz,wind_only,0.0,0.0,0.0,8.0,13.956948522606583,,,,,,,,,,,left_only,False,False,False
IT000301,T026,F001,validation,new_island,train,forcings/F001.npz,swell_no_wind,0.0,0.014183805877976777,2.3426587620068426,10.743781010865929,0.0,gebco15s__E121p5_N23p5__IT000301,E121p5_N23p5/IT000301.npz,128.0,128.0,99.6,99.5,True,4.0,True,True,both,True,True,False
IT000302,T026,F002,validation,new_island,train,forcings/F002.npz,aligned_windsea,1.0865423574614188,0.02660100201057397,2.166895645345636,7.2037314655645215,11.246998611703624,gebco15s__E121p5_N23p5__IT000302,E121p5_N23p5/IT000302.npz,128.0,128.0,99.5,99.5,True,7.0,True,True,both,True,True,False
IT000303,T026,F003,validation,new_island,train,forcings/F003.npz,swell_weak_wind,0.0,0.009155684308608539,1.1193990435105765,9.593620135018579,3.344258794068786,gebco15s__E121p5_N23p5__IT000303,E121p5_N23p5/IT000303.npz,128.0,128.0,99.94,99.5,True,4.0,True,True,both,True,True,False
IT000304,T026,F004,validation,new_island,train,forcings/F004.npz,wind_only,0.0,0.0,0.0,8.0,9.767283995459827,,,,,,,,,,,left_only,False,False,False
IT000305,T026,F005,validation,new_island,train,forcings/F005.npz,swell_no_wind,0.0,0.0061495790800769395,1.2567033578426547,12.196517501836674,0.0,gebco15s__E121p5_N23p5__IT000305,E121p5_N23p5/IT000305.npz,128.0,128.0,99.94,99.5,True,5.0,True,True,both,True,True,False
IT000306,T026,F006,validation,new_island,train,forcings/F006.npz,aligned_windsea,0.908556113100931,0.020095449617102502,2.074590824397493,8.109480136000172,15.366474310386884,gebco15s__E121p5_N23p5__IT000306,E121p5_N23p5/IT000306.npz,128.0,128.0,100.0,99.5,True,15.0,True,True,both,True,True,False
IT000307,T026,F007,validation,new_island,train,forcings/F007.npz,swell_weak_wind,0.0,0.0035029865304054652,0.8057825341552571,13.230191128229617,2.2560175581867385,gebco15s__E121p5_N23p5__IT000307,E121p5_N23p5/IT000307.npz,128.0,128.0,99.92,99.5,True,4.0,True,True,both,True,True,False
IT000308,T026,F008,validation,new_island,train,forcings/F008.npz,wind_only,0.0,0.0,0.0,8.0,11.545017961357619,,,,,,,,,,,left_only,False,False,False
IT000309,T026,F009,validation,new_island,train,forcings/F009.npz,swell_no_wind,0.0,0.011488594043819864,1.2863683832404313,9.079111704727564,0.0,gebco15s__E121p5_N23p5__IT000309,E121p5_N23p5/IT000309.npz,128.0,128.0,99.89,99.5,True,4.0,True,True,both,True,True,False
IT000310,T026,F010,validation,new_island,train,forcings/F010.npz,aligned_windsea,0.8304929158328038,0.026060653075929866,1.307973517182129,5.658173681085658,11.545185380997994,gebco15s__E121p5_N23p5__IT000310,E121p5_N23p5/IT000310.npz,128.0,128.0,99.69,99.5,True,10.0,True,True,both,True,True,False
IT000311,T026,F011,validation,new_island,train,forcings/F011.npz,swell_weak_wind,0.0,0.019206827786428227,2.350178036750493,9.572786282430823,3.319636916225727,gebco15s__E121p5_N23p5__IT000311,E121p5_N23p5/IT000311.npz,128.0,128.0,99.86,99.5,True,5.0,True,True,both,True,True,False
IT000312,T026,F012,validation,new_island,train,forcings/F012.npz,wind_only,0.0,0.0,0.0,8.0,13.956948522606583,,,,,,,,,,,left_only,False,False,False
IT000313,T027,F001,validation,new_island,train,forcings/F001.npz,swell_no_wind,0.0,0.014183805877976777,2.3426587620068426,10.743781010865929,0.0,gebco15s__E121p5_N23p5__IT000313,E121p5_N23p5/IT000313.npz,128.0,128.0,99.74,99.5,True,4.0,True,True,both,True,True,False
IT000314,T027,F002,validation,new_island,train,forcings/F002.npz,aligned_windsea,1.0865423574614188,0.02660100201057397,2.166895645345636,7.2037314655645215,11.246998611703624,gebco15s__E121p5_N23p5__IT000314,E121p5_N23p5/IT000314.npz,128.0,128.0,100.0,99.5,True,9.0,True,True,both,True,True,False
IT000315,T027,F003,validation,new_island,train,forcings/F003.npz,swell_weak_wind,0.0,0.009155684308608539,1.1193990435105765,9.593620135018579,3.344258794068786,gebco15s__E121p5_N23p5__IT000315,E121p5_N23p5/IT000315.npz,128.0,128.0,100.0,99.5,True,4.0,True,True,both,True,True,False
IT000316,T027,F004,validation,new_island,train,forcings/F004.npz,wind_only,0.0,0.0,0.0,8.0,9.767283995459827,,,,,,,,,,,left_only,False,False,False
IT000317,T027,F005,validation,new_island,train,forcings/F005.npz,swell_no_wind,0.0,0.0061495790800769395,1.2567033578426547,12.196517501836674,0.0,gebco15s__E121p5_N23p5__IT000317,E121p5_N23p5/IT000317.npz,128.0,128.0,99.57,99.5,True,4.0,True,True,both,True,True,False
IT000318,T027,F006,validation,new_island,train,forcings/F006.npz,aligned_windsea,0.908556113100931,0.020095449617102502,2.074590824397493,8.109480136000172,15.366474310386884,gebco15s__E121p5_N23p5__IT000318,E121p5_N23p5/IT000318.npz,128.0,128.0,99.75,99.5,True,15.0,True,True,both,True,True,False
IT000319,T027,F007,validation,new_island,train,forcings/F007.npz,swell_weak_wind,0.0,0.0035029865304054652,0.8057825341552571,13.230191128229617,2.2560175581867385,gebco15s__E121p5_N23p5__IT000319,E121p5_N23p5/IT000319.npz,128.0,128.0,100.0,99.5,True,4.0,True,True,both,True,True,False
IT000320,T027,F008,validation,new_island,train,forcings/F008.npz,wind_only,0.0,0.0,0.0,8.0,11.545017961357619,,,,,,,,,,,left_only,False,False,False
IT000321,T027,F009,validation,new_island,train,forcings/F009.npz,swell_no_wind,0.0,0.011488594043819864,1.2863683832404313,9.079111704727564,0.0,gebco15s__E121p5_N23p5__IT000321,E121p5_N23p5/IT000321.npz,128.0,128.0,99.99,99.5,True,4.0,True,True,both,True,True,False
IT000322,T027,F010,validation,new_island,train,forcings/F010.npz,aligned_windsea,0.8304929158328038,0.026060653075929866,1.307973517182129,5.658173681085658,11.545185380997994,gebco15s__E121p5_N23p5__IT000322,E121p5_N23p5/IT000322.npz,128.0,128.0,99.91,99.5,True,10.0,True,True,both,True,True,False
IT000323,T027,F011,validation,new_island,train,forcings/F011.npz,swell_weak_wind,0.0,0.019206827786428227,2.350178036750493,9.572786282430823,3.319636916225727,gebco15s__E121p5_N23p5__IT000323,E121p5_N23p5/IT000323.npz,128.0,128.0,99.97,99.5,True,5.0,True,True,both,True,True,False
IT000324,T027,F012,validation,new_island,train,forcings/F012.npz,wind_only,0.0,0.0,0.0,8.0,13.956948522606583,,,,,,,,,,,left_only,False,False,False
IT000325,T028,F001,validation,new_island,train,forcings/F001.npz,swell_no_wind,0.0,0.014183805877976777,2.3426587620068426,10.743781010865929,0.0,gebco15s__E121p5_N23p5__IT000325,E121p5_N23p5/IT000325.npz,128.0,128.0,99.55,99.5,True,5.0,True,True,both,True,True,False
IT000326,T028,F002,validation,new_island,train,forcings/F002.npz,aligned_windsea,1.0865423574614188,0.02660100201057397,2.166895645345636,7.2037314655645215,11.246998611703624,gebco15s__E121p5_N23p5__IT000326,E121p5_N23p5/IT000326.npz,128.0,128.0,99.76,99.5,True,7.0,True,True,both,True,True,False
IT000327,T028,F003,validation,new_island,train,forcings/F003.npz,swell_weak_wind,0.0,0.009155684308608539,1.1193990435105765,9.593620135018579,3.344258794068786,gebco15s__E121p5_N23p5__IT000327,E121p5_N23p5/IT000327.npz,128.0,128.0,99.7,99.5,True,4.0,True,True,both,True,True,False
IT000328,T028,F004,validation,new_island,train,forcings/F004.npz,wind_only,0.0,0.0,0.0,8.0,9.767283995459827,,,,,,,,,,,left_only,False,False,False
IT000329,T028,F005,validation,new_island,train,forcings/F005.npz,swell_no_wind,0.0,0.0061495790800769395,1.2567033578426547,12.196517501836674,0.0,gebco15s__E121p5_N23p5__IT000329,E121p5_N23p5/IT000329.npz,128.0,128.0,99.56,99.5,True,5.0,True,True,both,True,True,False
IT000330,T028,F006,validation,new_island,train,forcings/F006.npz,aligned_windsea,0.908556113100931,0.020095449617102502,2.074590824397493,8.109480136000172,15.366474310386884,gebco15s__E121p5_N23p5__IT000330,E121p5_N23p5/IT000330.npz,128.0,128.0,100.0,99.5,True,11.0,True,True,both,True,True,False
IT000331,T028,F007,validation,new_island,train,forcings/F007.npz,swell_weak_wind,0.0,0.0035029865304054652,0.8057825341552571,13.230191128229617,2.2560175581867385,gebco15s__E121p5_N23p5__IT000331,E121p5_N23p5/IT000331.npz,128.0,128.0,100.0,99.5,True,6.0,True,True,both,True,True,False
IT000332,T028,F008,validation,new_island,train,forcings/F008.npz,wind_only,0.0,0.0,0.0,8.0,11.545017961357619,,,,,,,,,,,left_only,False,False,False
IT000333,T028,F009,validation,new_island,train,forcings/F009.npz,swell_no_wind,0.0,0.011488594043819864,1.2863683832404313,9.079111704727564,0.0,gebco15s__E121p5_N23p5__IT000333,E121p5_N23p5/IT000333.npz,128.0,128.0,100.0,99.5,True,5.0,True,True,both,True,True,False
IT000334,T028,F010,validation,new_island,train,forcings/F010.npz,aligned_windsea,0.8304929158328038,0.026060653075929866,1.307973517182129,5.658173681085658,11.545185380997994,gebco15s__E121p5_N23p5__IT000334,E121p5_N23p5/IT000334.npz,128.0,128.0,100.0,99.5,True,12.0,True,True,both,True,True,False
IT000335,T028,F011,validation,new_island,train,forcings/F011.npz,swell_weak_wind,0.0,0.019206827786428227,2.350178036750493,9.572786282430823,3.319636916225727,gebco15s__E121p5_N23p5__IT000335,E121p5_N23p5/IT000335.npz,128.0,128.0,99.98,99.5,True,6.0,True,True,both,True,True,False
IT000336,T028,F012,validation,new_island,train,forcings/F012.npz,wind_only,0.0,0.0,0.0,8.0,13.956948522606583,,,,,,,,,,,left_only,False,False,False
IT000337,T001,F013,validation,new_forcing,validation,forcings/F013.npz,swell_no_wind,0.0,0.005524603827742587,0.9539062238474965,10.690393043868987,0.0,gebco15s__E121p5_N23p5__IT000337,E121p5_N23p5/IT000337.npz,128.0,128.0,100.0,99.5,True,4.0,True,True,both,True,True,False
IT000338,T001,F014,validation,new_forcing,validation,forcings/F014.npz,aligned_windsea,1.1001109090386967,0.019147293120201105,1.8716403945398228,7.885851554052195,12.353301654580472,gebco15s__E121p5_N23p5__IT000338,E121p5_N23p5/IT000338.npz,128.0,128.0,99.71,99.5,True,8.0,True,True,both,True,True,False
IT000339,T001,F015,validation,new_forcing,validation,forcings/F015.npz,swell_weak_wind,0.0,0.013222777070081944,2.116459722263234,10.437725658325528,1.976360054934541,gebco15s__E121p5_N23p5__IT000339,E121p5_N23p5/IT000339.npz,128.0,128.0,99.99,99.5,True,5.0,True,True,both,True,True,False
IT000340,T001,F016,validation,new_forcing,validation,forcings/F016.npz,wind_only,0.0,0.0,0.0,8.0,7.275081153207822,,,,,,,,,,,left_only,False,False,False
IT000341,T002,F013,validation,new_forcing,validation,forcings/F013.npz,swell_no_wind,0.0,0.005524603827742587,0.9539062238474965,10.690393043868987,0.0,gebco15s__E121p5_N23p5__IT000341,E121p5_N23p5/IT000341.npz,128.0,128.0,100.0,99.5,True,4.0,True,True,both,True,True,False
IT000342,T002,F014,validation,new_forcing,validation,forcings/F014.npz,aligned_windsea,1.1001109090386967,0.019147293120201105,1.8716403945398228,7.885851554052195,12.353301654580472,gebco15s__E121p5_N23p5__IT000342,E121p5_N23p5/IT000342.npz,128.0,128.0,99.87,99.5,True,9.0,True,True,both,True,True,False
IT000343,T002,F015,validation,new_forcing,validation,forcings/F015.npz,swell_weak_wind,0.0,0.013222777070081944,2.116459722263234,10.437725658325528,1.976360054934541,gebco15s__E121p5_N23p5__IT000343,E121p5_N23p5/IT000343.npz,128.0,128.0,100.0,99.5,True,5.0,True,True,both,True,True,False
IT000344,T002,F016,validation,new_forcing,validation,forcings/F016.npz,wind_only,0.0,0.0,0.0,8.0,7.275081153207822,,,,,,,,,,,left_only,False,False,False
IT000345,T003,F013,validation,new_forcing,validation,forcings/F013.npz,swell_no_wind,0.0,0.005524603827742587,0.9539062238474965,10.690393043868987,0.0,gebco15s__E121p5_N23p5__IT000345,E121p5_N23p5/IT000345.npz,128.0,128.0,100.0,99.5,True,4.0,True,True,both,True,True,False
IT000346,T003,F014,validation,new_forcing,validation,forcings/F014.npz,aligned_windsea,1.1001109090386967,0.019147293120201105,1.8716403945398228,7.885851554052195,12.353301654580472,gebco15s__E121p5_N23p5__IT000346,E121p5_N23p5/IT000346.npz,128.0,128.0,99.53,99.5,True,10.0,True,True,both,True,True,False
IT000347,T003,F015,validation,new_forcing,validation,forcings/F015.npz,swell_weak_wind,0.0,0.013222777070081944,2.116459722263234,10.437725658325528,1.976360054934541,gebco15s__E121p5_N23p5__IT000347,E121p5_N23p5/IT000347.npz,128.0,128.0,99.72,99.5,True,6.0,True,True,both,True,True,False
IT000348,T003,F016,validation,new_forcing,validation,forcings/F016.npz,wind_only,0.0,0.0,0.0,8.0,7.275081153207822,,,,,,,,,,,left_only,False,False,False
IT000349,T004,F013,validation,new_forcing,validation,forcings/F013.npz,swell_no_wind,0.0,0.005524603827742587,0.9539062238474965,10.690393043868987,0.0,gebco15s__E121p5_N23p5__IT000349,E121p5_N23p5/IT000349.npz,128.0,128.0,100.0,99.5,True,4.0,True,True,both,True,True,False
IT000350,T004,F014,validation,new_forcing,validation,forcings/F014.npz,aligned_windsea,1.1001109090386967,0.019147293120201105,1.8716403945398228,7.885851554052195,12.353301654580472,gebco15s__E121p5_N23p5__IT000350,E121p5_N23p5/IT000350.npz,128.0,128.0,100.0,99.5,True,11.0,True,True,both,True,True,False
IT000351,T004,F015,validation,new_forcing,validation,forcings/F015.npz,swell_weak_wind,0.0,0.013222777070081944,2.116459722263234,10.437725658325528,1.976360054934541,gebco15s__E121p5_N23p5__IT000351,E121p5_N23p5/IT000351.npz,128.0,128.0,99.8,99.5,True,6.0,True,True,both,True,True,False
IT000352,T004,F016,validation,new_forcing,validation,forcings/F016.npz,wind_only,0.0,0.0,0.0,8.0,7.275081153207822,,,,,,,,,,,left_only,False,False,False
IT000353,T005,F013,validation,new_forcing,validation,forcings/F013.npz,swell_no_wind,0.0,0.005524603827742587,0.9539062238474965,10.690393043868987,0.0,gebco15s__E121p5_N23p5__IT000353,E121p5_N23p5/IT000353.npz,128.0,128.0,100.0,99.5,True,4.0,True,True,both,True,True,False
IT000354,T005,F014,validation,new_forcing,validation,forcings/F014.npz,aligned_windsea,1.1001109090386967,0.019147293120201105,1.8716403945398228,7.885851554052195,12.353301654580472,gebco15s__E121p5_N23p5__IT000354,E121p5_N23p5/IT000354.npz,128.0,128.0,100.0,99.5,True,9.0,True,True,both,True,True,False
IT000355,T005,F015,validation,new_forcing,validation,forcings/F015.npz,swell_weak_wind,0.0,0.013222777070081944,2.116459722263234,10.437725658325528,1.976360054934541,gebco15s__E121p5_N23p5__IT000355,E121p5_N23p5/IT000355.npz,128.0,128.0,99.55,99.5,True,4.0,True,True,both,True,True,False
IT000356,T005,F016,validation,new_forcing,validation,forcings/F016.npz,wind_only,0.0,0.0,0.0,8.0,7.275081153207822,,,,,,,,,,,left_only,False,False,False
IT000357,T006,F013,validation,new_forcing,validation,forcings/F013.npz,swell_no_wind,0.0,0.005524603827742587,0.9539062238474965,10.690393043868987,0.0,gebco15s__E121p5_N23p5__IT000357,E121p5_N23p5/IT000357.npz,128.0,128.0,100.0,99.5,True,4.0,True,True,both,True,True,False
IT000358,T006,F014,validation,new_forcing,validation,forcings/F014.npz,aligned_windsea,1.1001109090386967,0.019147293120201105,1.8716403945398228,7.885851554052195,12.353301654580472,gebco15s__E121p5_N23p5__IT000358,E121p5_N23p5/IT000358.npz,128.0,128.0,99.8,99.5,True,10.0,True,True,both,True,True,False
IT000359,T006,F015,validation,new_forcing,validation,forcings/F015.npz,swell_weak_wind,0.0,0.013222777070081944,2.116459722263234,10.437725658325528,1.976360054934541,gebco15s__E121p5_N23p5__IT000359,E121p5_N23p5/IT000359.npz,128.0,128.0,99.78,99.5,True,5.0,True,True,both,True,True,False
IT000360,T006,F016,validation,new_forcing,validation,forcings/F016.npz,wind_only,0.0,0.0,0.0,8.0,7.275081153207822,,,,,,,,,,,left_only,False,False,False
IT000361,T007,F013,validation,new_forcing,validation,forcings/F013.npz,swell_no_wind,0.0,0.005524603827742587,0.9539062238474965,10.690393043868987,0.0,gebco15s__E121p5_N23p5__IT000361,E121p5_N23p5/IT000361.npz,128.0,128.0,100.0,99.5,True,4.0,True,True,both,True,True,False
IT000362,T007,F014,validation,new_forcing,validation,forcings/F014.npz,aligned_windsea,1.1001109090386967,0.019147293120201105,1.8716403945398228,7.885851554052195,12.353301654580472,gebco15s__E121p5_N23p5__IT000362,E121p5_N23p5/IT000362.npz,128.0,128.0,99.71,99.5,True,10.0,True,True,both,True,True,False
IT000363,T007,F015,validation,new_forcing,validation,forcings/F015.npz,swell_weak_wind,0.0,0.013222777070081944,2.116459722263234,10.437725658325528,1.976360054934541,gebco15s__E121p5_N23p5__IT000363,E121p5_N23p5/IT000363.npz,128.0,128.0,99.52,99.5,True,5.0,True,True,both,True,True,False
IT000364,T007,F016,validation,new_forcing,validation,forcings/F016.npz,wind_only,0.0,0.0,0.0,8.0,7.275081153207822,,,,,,,,,,,left_only,False,False,False
IT000365,T008,F013,validation,new_forcing,validation,forcings/F013.npz,swell_no_wind,0.0,0.005524603827742587,0.9539062238474965,10.690393043868987,0.0,gebco15s__E121p5_N23p5__IT000365,E121p5_N23p5/IT000365.npz,128.0,128.0,100.0,99.5,True,4.0,True,True,both,True,True,False
IT000366,T008,F014,validation,new_forcing,validation,forcings/F014.npz,aligned_windsea,1.1001109090386967,0.019147293120201105,1.8716403945398228,7.885851554052195,12.353301654580472,gebco15s__E121p5_N23p5__IT000366,E121p5_N23p5/IT000366.npz,128.0,128.0,99.92,99.5,True,11.0,True,True,both,True,True,False
IT000367,T008,F015,validation,new_forcing,validation,forcings/F015.npz,swell_weak_wind,0.0,0.013222777070081944,2.116459722263234,10.437725658325528,1.976360054934541,gebco15s__E121p5_N23p5__IT000367,E121p5_N23p5/IT000367.npz,128.0,128.0,99.96,99.5,True,4.0,True,True,both,True,True,False
IT000368,T008,F016,validation,new_forcing,validation,forcings/F016.npz,wind_only,0.0,0.0,0.0,8.0,7.275081153207822,,,,,,,,,,,left_only,False,False,False
IT000369,T009,F013,validation,new_forcing,validation,forcings/F013.npz,swell_no_wind,0.0,0.005524603827742587,0.9539062238474965,10.690393043868987,0.0,gebco15s__E121p5_N23p5__IT000369,E121p5_N23p5/IT000369.npz,128.0,128.0,100.0,99.5,True,4.0,True,True,both,True,True,False
IT000370,T009,F014,validation,new_forcing,validation,forcings/F014.npz,aligned_windsea,1.1001109090386967,0.019147293120201105,1.8716403945398228,7.885851554052195,12.353301654580472,gebco15s__E121p5_N23p5__IT000370,E121p5_N23p5/IT000370.npz,128.0,128.0,99.5,99.5,True,9.0,True,True,both,True,True,False
IT000371,T009,F015,validation,new_forcing,validation,forcings/F015.npz,swell_weak_wind,0.0,0.013222777070081944,2.116459722263234,10.437725658325528,1.976360054934541,gebco15s__E121p5_N23p5__IT000371,E121p5_N23p5/IT000371.npz,128.0,128.0,100.0,99.5,True,5.0,True,True,both,True,True,False
IT000372,T009,F016,validation,new_forcing,validation,forcings/F016.npz,wind_only,0.0,0.0,0.0,8.0,7.275081153207822,,,,,,,,,,,left_only,False,False,False
IT000373,T010,F013,validation,new_forcing,validation,forcings/F013.npz,swell_no_wind,0.0,0.005524603827742587,0.9539062238474965,10.690393043868987,0.0,gebco15s__E121p5_N23p5__IT000373,E121p5_N23p5/IT000373.npz,128.0,128.0,100.0,99.5,True,4.0,True,True,both,True,True,False
IT000374,T010,F014,validation,new_forcing,validation,forcings/F014.npz,aligned_windsea,1.1001109090386967,0.019147293120201105,1.8716403945398228,7.885851554052195,12.353301654580472,gebco15s__E121p5_N23p5__IT000374,E121p5_N23p5/IT000374.npz,128.0,128.0,99.94,99.5,True,9.0,True,True,both,True,True,False
IT000375,T010,F015,validation,new_forcing,validation,forcings/F015.npz,swell_weak_wind,0.0,0.013222777070081944,2.116459722263234,10.437725658325528,1.976360054934541,gebco15s__E121p5_N23p5__IT000375,E121p5_N23p5/IT000375.npz,128.0,128.0,99.61,99.5,True,6.0,True,True,both,True,True,False
IT000376,T010,F016,validation,new_forcing,validation,forcings/F016.npz,wind_only,0.0,0.0,0.0,8.0,7.275081153207822,,,,,,,,,,,left_only,False,False,False
IT000377,T011,F013,validation,new_forcing,validation,forcings/F013.npz,swell_no_wind,0.0,0.005524603827742587,0.9539062238474965,10.690393043868987,0.0,gebco15s__E121p5_N23p5__IT000377,E121p5_N23p5/IT000377.npz,128.0,128.0,100.0,99.5,True,4.0,True,True,both,True,True,False
IT000378,T011,F014,validation,new_forcing,validation,forcings/F014.npz,aligned_windsea,1.1001109090386967,0.019147293120201105,1.8716403945398228,7.885851554052195,12.353301654580472,gebco15s__E121p5_N23p5__IT000378,E121p5_N23p5/IT000378.npz,128.0,128.0,99.57,99.5,True,9.0,True,True,both,True,True,False
IT000379,T011,F015,validation,new_forcing,validation,forcings/F015.npz,swell_weak_wind,0.0,0.013222777070081944,2.116459722263234,10.437725658325528,1.976360054934541,gebco15s__E121p5_N23p5__IT000379,E121p5_N23p5/IT000379.npz,128.0,128.0,99.63,99.5,True,4.0,True,True,both,True,True,False
IT000380,T011,F016,validation,new_forcing,validation,forcings/F016.npz,wind_only,0.0,0.0,0.0,8.0,7.275081153207822,,,,,,,,,,,left_only,False,False,False
IT000381,T012,F013,validation,new_forcing,validation,forcings/F013.npz,swell_no_wind,0.0,0.005524603827742587,0.9539062238474965,10.690393043868987,0.0,gebco15s__E121p5_N23p5__IT000381,E121p5_N23p5/IT000381.npz,128.0,128.0,100.0,99.5,True,4.0,True,True,both,True,True,False
IT000382,T012,F014,validation,new_forcing,validation,forcings/F014.npz,aligned_windsea,1.1001109090386967,0.019147293120201105,1.8716403945398228,7.885851554052195,12.353301654580472,gebco15s__E121p5_N23p5__IT000382,E121p5_N23p5/IT000382.npz,128.0,128.0,99.56,99.5,True,10.0,True,True,both,True,True,False
IT000383,T012,F015,validation,new_forcing,validation,forcings/F015.npz,swell_weak_wind,0.0,0.013222777070081944,2.116459722263234,10.437725658325528,1.976360054934541,gebco15s__E121p5_N23p5__IT000383,E121p5_N23p5/IT000383.npz,128.0,128.0,99.69,99.5,True,6.0,True,True,both,True,True,False
IT000384,T012,F016,validation,new_forcing,validation,forcings/F016.npz,wind_only,0.0,0.0,0.0,8.0,7.275081153207822,,,,,,,,,,,left_only,False,False,False
IT000385,T013,F013,validation,new_forcing,validation,forcings/F013.npz,swell_no_wind,0.0,0.005524603827742587,0.9539062238474965,10.690393043868987,0.0,gebco15s__E121p5_N23p5__IT000385,E121p5_N23p5/IT000385.npz,128.0,128.0,100.0,99.5,True,4.0,True,True,both,True,True,False
IT000386,T013,F014,validation,new_forcing,validation,forcings/F014.npz,aligned_windsea,1.1001109090386967,0.019147293120201105,1.8716403945398228,7.885851554052195,12.353301654580472,gebco15s__E121p5_N23p5__IT000386,E121p5_N23p5/IT000386.npz,128.0,128.0,99.71,99.5,True,9.0,True,True,both,True,True,False
IT000387,T013,F015,validation,new_forcing,validation,forcings/F015.npz,swell_weak_wind,0.0,0.013222777070081944,2.116459722263234,10.437725658325528,1.976360054934541,gebco15s__E121p5_N23p5__IT000387,E121p5_N23p5/IT000387.npz,128.0,128.0,99.88,99.5,True,5.0,True,True,both,True,True,False
IT000388,T013,F016,validation,new_forcing,validation,forcings/F016.npz,wind_only,0.0,0.0,0.0,8.0,7.275081153207822,,,,,,,,,,,left_only,False,False,False
IT000389,T014,F013,validation,new_forcing,validation,forcings/F013.npz,swell_no_wind,0.0,0.005524603827742587,0.9539062238474965,10.690393043868987,0.0,gebco15s__E121p5_N23p5__IT000389,E121p5_N23p5/IT000389.npz,128.0,128.0,100.0,99.5,True,4.0,True,True,both,True,True,False
IT000390,T014,F014,validation,new_forcing,validation,forcings/F014.npz,aligned_windsea,1.1001109090386967,0.019147293120201105,1.8716403945398228,7.885851554052195,12.353301654580472,gebco15s__E121p5_N23p5__IT000390,E121p5_N23p5/IT000390.npz,128.0,128.0,99.77,99.5,True,9.0,True,True,both,True,True,False
IT000391,T014,F015,validation,new_forcing,validation,forcings/F015.npz,swell_weak_wind,0.0,0.013222777070081944,2.116459722263234,10.437725658325528,1.976360054934541,gebco15s__E121p5_N23p5__IT000391,E121p5_N23p5/IT000391.npz,128.0,128.0,99.94,99.5,True,5.0,True,True,both,True,True,False
IT000392,T014,F016,validation,new_forcing,validation,forcings/F016.npz,wind_only,0.0,0.0,0.0,8.0,7.275081153207822,,,,,,,,,,,left_only,False,False,False
IT000393,T015,F013,validation,new_forcing,validation,forcings/F013.npz,swell_no_wind,0.0,0.005524603827742587,0.9539062238474965,10.690393043868987,0.0,gebco15s__E121p5_N23p5__IT000393,E121p5_N23p5/IT000393.npz,128.0,128.0,100.0,99.5,True,4.0,True,True,both,True,True,False
IT000394,T015,F014,validation,new_forcing,validation,forcings/F014.npz,aligned_windsea,1.1001109090386967,0.019147293120201105,1.8716403945398228,7.885851554052195,12.353301654580472,gebco15s__E121p5_N23p5__IT000394,E121p5_N23p5/IT000394.npz,128.0,128.0,99.83,99.5,True,11.0,True,True,both,True,True,False
IT000395,T015,F015,validation,new_forcing,validation,forcings/F015.npz,swell_weak_wind,0.0,0.013222777070081944,2.116459722263234,10.437725658325528,1.976360054934541,gebco15s__E121p5_N23p5__IT000395,E121p5_N23p5/IT000395.npz,128.0,128.0,99.68,99.5,True,5.0,True,True,both,True,True,False
IT000396,T015,F016,validation,new_forcing,validation,forcings/F016.npz,wind_only,0.0,0.0,0.0,8.0,7.275081153207822,,,,,,,,,,,left_only,False,False,False
IT000397,T016,F013,validation,new_forcing,validation,forcings/F013.npz,swell_no_wind,0.0,0.005524603827742587,0.9539062238474965,10.690393043868987,0.0,gebco15s__E121p5_N23p5__IT000397,E121p5_N23p5/IT000397.npz,128.0,128.0,100.0,99.5,True,4.0,True,True,both,True,True,False
IT000398,T016,F014,validation,new_forcing,validation,forcings/F014.npz,aligned_windsea,1.1001109090386967,0.019147293120201105,1.8716403945398228,7.885851554052195,12.353301654580472,gebco15s__E121p5_N23p5__IT000398,E121p5_N23p5/IT000398.npz,128.0,128.0,99.99,99.5,True,9.0,True,True,both,True,True,False
IT000399,T016,F015,validation,new_forcing,validation,forcings/F015.npz,swell_weak_wind,0.0,0.013222777070081944,2.116459722263234,10.437725658325528,1.976360054934541,gebco15s__E121p5_N23p5__IT000399,E121p5_N23p5/IT000399.npz,128.0,128.0,100.0,99.5,True,5.0,True,True,both,True,True,False
IT000400,T016,F016,validation,new_forcing,validation,forcings/F016.npz,wind_only,0.0,0.0,0.0,8.0,7.275081153207822,,,,,,,,,,,left_only,False,False,False
IT000401,T017,F013,validation,new_forcing,validation,forcings/F013.npz,swell_no_wind,0.0,0.005524603827742587,0.9539062238474965,10.690393043868987,0.0,gebco15s__E121p5_N23p5__IT000401,E121p5_N23p5/IT000401.npz,128.0,128.0,100.0,99.5,True,4.0,True,True,both,True,True,False
IT000402,T017,F014,validation,new_forcing,validation,forcings/F014.npz,aligned_windsea,1.1001109090386967,0.019147293120201105,1.8716403945398228,7.885851554052195,12.353301654580472,gebco15s__E121p5_N23p5__IT000402,E121p5_N23p5/IT000402.npz,128.0,128.0,99.92,99.5,True,11.0,True,True,both,True,True,False
IT000403,T017,F015,validation,new_forcing,validation,forcings/F015.npz,swell_weak_wind,0.0,0.013222777070081944,2.116459722263234,10.437725658325528,1.976360054934541,gebco15s__E121p5_N23p5__IT000403,E121p5_N23p5/IT000403.npz,128.0,128.0,99.59,99.5,True,6.0,True,True,both,True,True,False
IT000404,T017,F016,validation,new_forcing,validation,forcings/F016.npz,wind_only,0.0,0.0,0.0,8.0,7.275081153207822,,,,,,,,,,,left_only,False,False,False
IT000405,T018,F013,validation,new_forcing,validation,forcings/F013.npz,swell_no_wind,0.0,0.005524603827742587,0.9539062238474965,10.690393043868987,0.0,gebco15s__E121p5_N23p5__IT000405,E121p5_N23p5/IT000405.npz,128.0,128.0,100.0,99.5,True,4.0,True,True,both,True,True,False
IT000406,T018,F014,validation,new_forcing,validation,forcings/F014.npz,aligned_windsea,1.1001109090386967,0.019147293120201105,1.8716403945398228,7.885851554052195,12.353301654580472,gebco15s__E121p5_N23p5__IT000406,E121p5_N23p5/IT000406.npz,128.0,128.0,99.61,99.5,True,9.0,True,True,both,True,True,False
IT000407,T018,F015,validation,new_forcing,validation,forcings/F015.npz,swell_weak_wind,0.0,0.013222777070081944,2.116459722263234,10.437725658325528,1.976360054934541,gebco15s__E121p5_N23p5__IT000407,E121p5_N23p5/IT000407.npz,128.0,128.0,100.0,99.5,True,5.0,True,True,both,True,True,False
IT000408,T018,F016,validation,new_forcing,validation,forcings/F016.npz,wind_only,0.0,0.0,0.0,8.0,7.275081153207822,,,,,,,,,,,left_only,False,False,False
IT000409,T019,F013,validation,new_forcing,validation,forcings/F013.npz,swell_no_wind,0.0,0.005524603827742587,0.9539062238474965,10.690393043868987,0.0,gebco15s__E121p5_N23p5__IT000409,E121p5_N23p5/IT000409.npz,128.0,128.0,100.0,99.5,True,4.0,True,True,both,True,True,False
IT000410,T019,F014,validation,new_forcing,validation,forcings/F014.npz,aligned_windsea,1.1001109090386967,0.019147293120201105,1.8716403945398228,7.885851554052195,12.353301654580472,gebco15s__E121p5_N23p5__IT000410,E121p5_N23p5/IT000410.npz,128.0,128.0,99.85,99.5,True,11.0,True,True,both,True,True,False
IT000411,T019,F015,validation,new_forcing,validation,forcings/F015.npz,swell_weak_wind,0.0,0.013222777070081944,2.116459722263234,10.437725658325528,1.976360054934541,gebco15s__E121p5_N23p5__IT000411,E121p5_N23p5/IT000411.npz,128.0,128.0,99.87,99.5,True,5.0,True,True,both,True,True,False
IT000412,T019,F016,validation,new_forcing,validation,forcings/F016.npz,wind_only,0.0,0.0,0.0,8.0,7.275081153207822,,,,,,,,,,,left_only,False,False,False
IT000413,T020,F013,validation,new_forcing,validation,forcings/F013.npz,swell_no_wind,0.0,0.005524603827742587,0.9539062238474965,10.690393043868987,0.0,gebco15s__E121p5_N23p5__IT000413,E121p5_N23p5/IT000413.npz,128.0,128.0,100.0,99.5,True,4.0,True,True,both,True,True,False
IT000414,T020,F014,validation,new_forcing,validation,forcings/F014.npz,aligned_windsea,1.1001109090386967,0.019147293120201105,1.8716403945398228,7.885851554052195,12.353301654580472,gebco15s__E121p5_N23p5__IT000414,E121p5_N23p5/IT000414.npz,128.0,128.0,99.91,99.5,True,11.0,True,True,both,True,True,False
IT000415,T020,F015,validation,new_forcing,validation,forcings/F015.npz,swell_weak_wind,0.0,0.013222777070081944,2.116459722263234,10.437725658325528,1.976360054934541,gebco15s__E121p5_N23p5__IT000415,E121p5_N23p5/IT000415.npz,128.0,128.0,99.67,99.5,True,5.0,True,True,both,True,True,False
IT000416,T020,F016,validation,new_forcing,validation,forcings/F016.npz,wind_only,0.0,0.0,0.0,8.0,7.275081153207822,,,,,,,,,,,left_only,False,False,False
IT000417,T021,F013,validation,new_forcing,validation,forcings/F013.npz,swell_no_wind,0.0,0.005524603827742587,0.9539062238474965,10.690393043868987,0.0,gebco15s__E121p5_N23p5__IT000417,E121p5_N23p5/IT000417.npz,128.0,128.0,100.0,99.5,True,4.0,True,True,both,True,True,False
IT000418,T021,F014,validation,new_forcing,validation,forcings/F014.npz,aligned_windsea,1.1001109090386967,0.019147293120201105,1.8716403945398228,7.885851554052195,12.353301654580472,gebco15s__E121p5_N23p5__IT000418,E121p5_N23p5/IT000418.npz,128.0,128.0,99.7,99.5,True,9.0,True,True,both,True,True,False
IT000419,T021,F015,validation,new_forcing,validation,forcings/F015.npz,swell_weak_wind,0.0,0.013222777070081944,2.116459722263234,10.437725658325528,1.976360054934541,gebco15s__E121p5_N23p5__IT000419,E121p5_N23p5/IT000419.npz,128.0,128.0,99.95,99.5,True,4.0,True,True,both,True,True,False
IT000420,T021,F016,validation,new_forcing,validation,forcings/F016.npz,wind_only,0.0,0.0,0.0,8.0,7.275081153207822,,,,,,,,,,,left_only,False,False,False
IT000421,T022,F013,validation,new_forcing,validation,forcings/F013.npz,swell_no_wind,0.0,0.005524603827742587,0.9539062238474965,10.690393043868987,0.0,gebco15s__E121p5_N23p5__IT000421,E121p5_N23p5/IT000421.npz,128.0,128.0,100.0,99.5,True,4.0,True,True,both,True,True,False
IT000422,T022,F014,validation,new_forcing,validation,forcings/F014.npz,aligned_windsea,1.1001109090386967,0.019147293120201105,1.8716403945398228,7.885851554052195,12.353301654580472,gebco15s__E121p5_N23p5__IT000422,E121p5_N23p5/IT000422.npz,128.0,128.0,99.51,99.5,True,9.0,True,True,both,True,True,False
IT000423,T022,F015,validation,new_forcing,validation,forcings/F015.npz,swell_weak_wind,0.0,0.013222777070081944,2.116459722263234,10.437725658325528,1.976360054934541,gebco15s__E121p5_N23p5__IT000423,E121p5_N23p5/IT000423.npz,128.0,128.0,99.84,99.5,True,5.0,True,True,both,True,True,False
IT000424,T022,F016,validation,new_forcing,validation,forcings/F016.npz,wind_only,0.0,0.0,0.0,8.0,7.275081153207822,,,,,,,,,,,left_only,False,False,False
IT000425,T023,F013,validation,new_forcing,validation,forcings/F013.npz,swell_no_wind,0.0,0.005524603827742587,0.9539062238474965,10.690393043868987,0.0,gebco15s__E121p5_N23p5__IT000425,E121p5_N23p5/IT000425.npz,128.0,128.0,100.0,99.5,True,4.0,True,True,both,True,True,False
IT000426,T023,F014,validation,new_forcing,validation,forcings/F014.npz,aligned_windsea,1.1001109090386967,0.019147293120201105,1.8716403945398228,7.885851554052195,12.353301654580472,gebco15s__E121p5_N23p5__IT000426,E121p5_N23p5/IT000426.npz,128.0,128.0,99.76,99.5,True,9.0,True,True,both,True,True,False
IT000427,T023,F015,validation,new_forcing,validation,forcings/F015.npz,swell_weak_wind,0.0,0.013222777070081944,2.116459722263234,10.437725658325528,1.976360054934541,gebco15s__E121p5_N23p5__IT000427,E121p5_N23p5/IT000427.npz,128.0,128.0,99.55,99.5,True,4.0,True,True,both,True,True,False
IT000428,T023,F016,validation,new_forcing,validation,forcings/F016.npz,wind_only,0.0,0.0,0.0,8.0,7.275081153207822,,,,,,,,,,,left_only,False,False,False
IT000429,T024,F013,validation,new_forcing,validation,forcings/F013.npz,swell_no_wind,0.0,0.005524603827742587,0.9539062238474965,10.690393043868987,0.0,gebco15s__E121p5_N23p5__IT000429,E121p5_N23p5/IT000429.npz,128.0,128.0,100.0,99.5,True,4.0,True,True,both,True,True,False
IT000430,T024,F014,validation,new_forcing,validation,forcings/F014.npz,aligned_windsea,1.1001109090386967,0.019147293120201105,1.8716403945398228,7.885851554052195,12.353301654580472,gebco15s__E121p5_N23p5__IT000430,E121p5_N23p5/IT000430.npz,128.0,128.0,99.94,99.5,True,9.0,True,True,both,True,True,False
IT000431,T024,F015,validation,new_forcing,validation,forcings/F015.npz,swell_weak_wind,0.0,0.013222777070081944,2.116459722263234,10.437725658325528,1.976360054934541,gebco15s__E121p5_N23p5__IT000431,E121p5_N23p5/IT000431.npz,128.0,128.0,99.6,99.5,True,5.0,True,True,both,True,True,False
IT000432,T024,F016,validation,new_forcing,validation,forcings/F016.npz,wind_only,0.0,0.0,0.0,8.0,7.275081153207822,,,,,,,,,,,left_only,False,False,False
IT000433,T025,F013,validation,new_both,validation,forcings/F013.npz,swell_no_wind,0.0,0.005524603827742587,0.9539062238474965,10.690393043868987,0.0,gebco15s__E121p5_N23p5__IT000433,E121p5_N23p5/IT000433.npz,128.0,128.0,100.0,99.5,True,4.0,True,True,both,True,True,False
IT000434,T025,F014,validation,new_both,validation,forcings/F014.npz,aligned_windsea,1.1001109090386967,0.019147293120201105,1.8716403945398228,7.885851554052195,12.353301654580472,gebco15s__E121p5_N23p5__IT000434,E121p5_N23p5/IT000434.npz,128.0,128.0,99.75,99.5,True,9.0,True,True,both,True,True,False
IT000435,T025,F015,validation,new_both,validation,forcings/F015.npz,swell_weak_wind,0.0,0.013222777070081944,2.116459722263234,10.437725658325528,1.976360054934541,gebco15s__E121p5_N23p5__IT000435,E121p5_N23p5/IT000435.npz,128.0,128.0,99.78,99.5,True,5.0,True,True,both,True,True,False
IT000436,T025,F016,validation,new_both,validation,forcings/F016.npz,wind_only,0.0,0.0,0.0,8.0,7.275081153207822,,,,,,,,,,,left_only,False,False,False
IT000437,T026,F013,validation,new_both,validation,forcings/F013.npz,swell_no_wind,0.0,0.005524603827742587,0.9539062238474965,10.690393043868987,0.0,gebco15s__E121p5_N23p5__IT000437,E121p5_N23p5/IT000437.npz,128.0,128.0,100.0,99.5,True,4.0,True,True,both,True,True,False
IT000438,T026,F014,validation,new_both,validation,forcings/F014.npz,aligned_windsea,1.1001109090386967,0.019147293120201105,1.8716403945398228,7.885851554052195,12.353301654580472,gebco15s__E121p5_N23p5__IT000438,E121p5_N23p5/IT000438.npz,128.0,128.0,99.99,99.5,True,9.0,True,True,both,True,True,False
IT000439,T026,F015,validation,new_both,validation,forcings/F015.npz,swell_weak_wind,0.0,0.013222777070081944,2.116459722263234,10.437725658325528,1.976360054934541,gebco15s__E121p5_N23p5__IT000439,E121p5_N23p5/IT000439.npz,128.0,128.0,99.73,99.5,True,5.0,True,True,both,True,True,False
IT000440,T026,F016,validation,new_both,validation,forcings/F016.npz,wind_only,0.0,0.0,0.0,8.0,7.275081153207822,,,,,,,,,,,left_only,False,False,False
IT000441,T027,F013,validation,new_both,validation,forcings/F013.npz,swell_no_wind,0.0,0.005524603827742587,0.9539062238474965,10.690393043868987,0.0,gebco15s__E121p5_N23p5__IT000441,E121p5_N23p5/IT000441.npz,128.0,128.0,100.0,99.5,True,4.0,True,True,both,True,True,False
IT000442,T027,F014,validation,new_both,validation,forcings/F014.npz,aligned_windsea,1.1001109090386967,0.019147293120201105,1.8716403945398228,7.885851554052195,12.353301654580472,gebco15s__E121p5_N23p5__IT000442,E121p5_N23p5/IT000442.npz,128.0,128.0,100.0,99.5,True,9.0,True,True,both,True,True,False
IT000443,T027,F015,validation,new_both,validation,forcings/F015.npz,swell_weak_wind,0.0,0.013222777070081944,2.116459722263234,10.437725658325528,1.976360054934541,gebco15s__E121p5_N23p5__IT000443,E121p5_N23p5/IT000443.npz,128.0,128.0,99.62,99.5,True,4.0,True,True,both,True,True,False
IT000444,T027,F016,validation,new_both,validation,forcings/F016.npz,wind_only,0.0,0.0,0.0,8.0,7.275081153207822,,,,,,,,,,,left_only,False,False,False
IT000445,T028,F013,validation,new_both,validation,forcings/F013.npz,swell_no_wind,0.0,0.005524603827742587,0.9539062238474965,10.690393043868987,0.0,gebco15s__E121p5_N23p5__IT000445,E121p5_N23p5/IT000445.npz,128.0,128.0,100.0,99.5,True,4.0,True,True,both,True,True,False
IT000446,T028,F014,validation,new_both,validation,forcings/F014.npz,aligned_windsea,1.1001109090386967,0.019147293120201105,1.8716403945398228,7.885851554052195,12.353301654580472,gebco15s__E121p5_N23p5__IT000446,E121p5_N23p5/IT000446.npz,128.0,128.0,99.65,99.5,True,8.0,True,True,both,True,True,False
IT000447,T028,F015,validation,new_both,validation,forcings/F015.npz,swell_weak_wind,0.0,0.013222777070081944,2.116459722263234,10.437725658325528,1.976360054934541,gebco15s__E121p5_N23p5__IT000447,E121p5_N23p5/IT000447.npz,128.0,128.0,99.63,99.5,True,5.0,True,True,both,True,True,False
IT000448,T028,F016,validation,new_both,validation,forcings/F016.npz,wind_only,0.0,0.0,0.0,8.0,7.275081153207822,,,,,,,,,,,left_only,False,False,False
IT000449,T029,F001,test,new_island,train,forcings/F001.npz,swell_no_wind,0.0,0.014183805877976777,2.3426587620068426,10.743781010865929,0.0,gebco15s__E121p5_N23p5__IT000449,E121p5_N23p5/IT000449.npz,128.0,128.0,99.75,99.5,True,5.0,True,True,both,True,True,False
IT000450,T029,F002,test,new_island,train,forcings/F002.npz,aligned_windsea,1.0865423574614188,0.02660100201057397,2.166895645345636,7.2037314655645215,11.246998611703624,gebco15s__E121p5_N23p5__IT000450,E121p5_N23p5/IT000450.npz,128.0,128.0,100.0,99.5,True,9.0,True,True,both,True,True,False
IT000451,T029,F003,test,new_island,train,forcings/F003.npz,swell_weak_wind,0.0,0.009155684308608539,1.1193990435105765,9.593620135018579,3.344258794068786,gebco15s__E121p5_N23p5__IT000451,E121p5_N23p5/IT000451.npz,128.0,128.0,100.0,99.5,True,5.0,True,True,both,True,True,False
IT000452,T029,F004,test,new_island,train,forcings/F004.npz,wind_only,0.0,0.0,0.0,8.0,9.767283995459827,,,,,,,,,,,left_only,False,False,False
IT000453,T029,F005,test,new_island,train,forcings/F005.npz,swell_no_wind,0.0,0.0061495790800769395,1.2567033578426547,12.196517501836674,0.0,gebco15s__E121p5_N23p5__IT000453,E121p5_N23p5/IT000453.npz,128.0,128.0,99.93,99.5,True,5.0,True,True,both,True,True,False
IT000454,T029,F006,test,new_island,train,forcings/F006.npz,aligned_windsea,0.908556113100931,0.020095449617102502,2.074590824397493,8.109480136000172,15.366474310386884,gebco15s__E121p5_N23p5__IT000454,E121p5_N23p5/IT000454.npz,128.0,128.0,100.0,99.5,True,11.0,True,True,both,True,True,False
IT000455,T029,F007,test,new_island,train,forcings/F007.npz,swell_weak_wind,0.0,0.0035029865304054652,0.8057825341552571,13.230191128229617,2.2560175581867385,gebco15s__E121p5_N23p5__IT000455,E121p5_N23p5/IT000455.npz,128.0,128.0,100.0,99.5,True,5.0,True,True,both,True,True,False
IT000456,T029,F008,test,new_island,train,forcings/F008.npz,wind_only,0.0,0.0,0.0,8.0,11.545017961357619,,,,,,,,,,,left_only,False,False,False
IT000457,T029,F009,test,new_island,train,forcings/F009.npz,swell_no_wind,0.0,0.011488594043819864,1.2863683832404313,9.079111704727564,0.0,gebco15s__E121p5_N23p5__IT000457,E121p5_N23p5/IT000457.npz,128.0,128.0,100.0,99.5,True,5.0,True,True,both,True,True,False
IT000458,T029,F010,test,new_island,train,forcings/F010.npz,aligned_windsea,0.8304929158328038,0.026060653075929866,1.307973517182129,5.658173681085658,11.545185380997994,gebco15s__E121p5_N23p5__IT000458,E121p5_N23p5/IT000458.npz,128.0,128.0,99.75,99.5,True,10.0,True,True,both,True,True,False
IT000459,T029,F011,test,new_island,train,forcings/F011.npz,swell_weak_wind,0.0,0.019206827786428227,2.350178036750493,9.572786282430823,3.319636916225727,gebco15s__E121p5_N23p5__IT000459,E121p5_N23p5/IT000459.npz,128.0,128.0,99.86,99.5,True,5.0,True,True,both,True,True,False
IT000460,T029,F012,test,new_island,train,forcings/F012.npz,wind_only,0.0,0.0,0.0,8.0,13.956948522606583,,,,,,,,,,,left_only,False,False,False
IT000461,T030,F001,test,new_island,train,forcings/F001.npz,swell_no_wind,0.0,0.014183805877976777,2.3426587620068426,10.743781010865929,0.0,gebco15s__E121p5_N23p5__IT000461,E121p5_N23p5/IT000461.npz,128.0,128.0,99.68,99.5,True,4.0,True,True,both,True,True,False
IT000462,T030,F002,test,new_island,train,forcings/F002.npz,aligned_windsea,1.0865423574614188,0.02660100201057397,2.166895645345636,7.2037314655645215,11.246998611703624,gebco15s__E121p5_N23p5__IT000462,E121p5_N23p5/IT000462.npz,128.0,128.0,100.0,99.5,True,9.0,True,True,both,True,True,False
IT000463,T030,F003,test,new_island,train,forcings/F003.npz,swell_weak_wind,0.0,0.009155684308608539,1.1193990435105765,9.593620135018579,3.344258794068786,gebco15s__E121p5_N23p5__IT000463,E121p5_N23p5/IT000463.npz,128.0,128.0,100.0,99.5,True,4.0,True,True,both,True,True,False
IT000464,T030,F004,test,new_island,train,forcings/F004.npz,wind_only,0.0,0.0,0.0,8.0,9.767283995459827,,,,,,,,,,,left_only,False,False,False
IT000465,T030,F005,test,new_island,train,forcings/F005.npz,swell_no_wind,0.0,0.0061495790800769395,1.2567033578426547,12.196517501836674,0.0,gebco15s__E121p5_N23p5__IT000465,E121p5_N23p5/IT000465.npz,128.0,128.0,100.0,99.5,True,5.0,True,True,both,True,True,False
IT000466,T030,F006,test,new_island,train,forcings/F006.npz,aligned_windsea,0.908556113100931,0.020095449617102502,2.074590824397493,8.109480136000172,15.366474310386884,gebco15s__E121p5_N23p5__IT000466,E121p5_N23p5/IT000466.npz,128.0,128.0,100.0,99.5,True,16.0,True,True,both,True,True,False
IT000467,T030,F007,test,new_island,train,forcings/F007.npz,swell_weak_wind,0.0,0.0035029865304054652,0.8057825341552571,13.230191128229617,2.2560175581867385,gebco15s__E121p5_N23p5__IT000467,E121p5_N23p5/IT000467.npz,128.0,128.0,99.87,99.5,True,4.0,True,True,both,True,True,False
IT000468,T030,F008,test,new_island,train,forcings/F008.npz,wind_only,0.0,0.0,0.0,8.0,11.545017961357619,gebco15s__E121p5_N23p5__IT000468,E121p5_N23p5/IT000468.npz,128.0,128.0,99.69,99.5,True,25.0,True,True,both,True,True,False
IT000469,T030,F009,test,new_island,train,forcings/F009.npz,swell_no_wind,0.0,0.011488594043819864,1.2863683832404313,9.079111704727564,0.0,gebco15s__E121p5_N23p5__IT000469,E121p5_N23p5/IT000469.npz,128.0,128.0,99.59,99.5,True,4.0,True,True,both,True,True,False
IT000470,T030,F010,test,new_island,train,forcings/F010.npz,aligned_windsea,0.8304929158328038,0.026060653075929866,1.307973517182129,5.658173681085658,11.545185380997994,gebco15s__E121p5_N23p5__IT000470,E121p5_N23p5/IT000470.npz,128.0,128.0,99.88,99.5,True,11.0,True,True,both,True,True,False
IT000471,T030,F011,test,new_island,train,forcings/F011.npz,swell_weak_wind,0.0,0.019206827786428227,2.350178036750493,9.572786282430823,3.319636916225727,gebco15s__E121p5_N23p5__IT000471,E121p5_N23p5/IT000471.npz,128.0,128.0,100.0,99.5,True,5.0,True,True,both,True,True,False
IT000472,T030,F012,test,new_island,train,forcings/F012.npz,wind_only,0.0,0.0,0.0,8.0,13.956948522606583,,,,,,,,,,,left_only,False,False,False
IT000473,T031,F001,test,new_island,train,forcings/F001.npz,swell_no_wind,0.0,0.014183805877976777,2.3426587620068426,10.743781010865929,0.0,gebco15s__E121p5_N23p5__IT000473,E121p5_N23p5/IT000473.npz,128.0,128.0,99.95,99.5,True,5.0,True,True,both,True,True,False
IT000474,T031,F002,test,new_island,train,forcings/F002.npz,aligned_windsea,1.0865423574614188,0.02660100201057397,2.166895645345636,7.2037314655645215,11.246998611703624,gebco15s__E121p5_N23p5__IT000474,E121p5_N23p5/IT000474.npz,128.0,128.0,99.89,99.5,True,8.0,True,True,both,True,True,False
IT000475,T031,F003,test,new_island,train,forcings/F003.npz,swell_weak_wind,0.0,0.009155684308608539,1.1193990435105765,9.593620135018579,3.344258794068786,gebco15s__E121p5_N23p5__IT000475,E121p5_N23p5/IT000475.npz,128.0,128.0,99.83,99.5,True,4.0,True,True,both,True,True,False
IT000476,T031,F004,test,new_island,train,forcings/F004.npz,wind_only,0.0,0.0,0.0,8.0,9.767283995459827,,,,,,,,,,,left_only,False,False,False
IT000477,T031,F005,test,new_island,train,forcings/F005.npz,swell_no_wind,0.0,0.0061495790800769395,1.2567033578426547,12.196517501836674,0.0,gebco15s__E121p5_N23p5__IT000477,E121p5_N23p5/IT000477.npz,128.0,128.0,99.98,99.5,True,5.0,True,True,both,True,True,False
IT000478,T031,F006,test,new_island,train,forcings/F006.npz,aligned_windsea,0.908556113100931,0.020095449617102502,2.074590824397493,8.109480136000172,15.366474310386884,gebco15s__E121p5_N23p5__IT000478,E121p5_N23p5/IT000478.npz,128.0,128.0,99.84,99.5,True,15.0,True,True,both,True,True,False
IT000479,T031,F007,test,new_island,train,forcings/F007.npz,swell_weak_wind,0.0,0.0035029865304054652,0.8057825341552571,13.230191128229617,2.2560175581867385,gebco15s__E121p5_N23p5__IT000479,E121p5_N23p5/IT000479.npz,128.0,128.0,100.0,99.5,True,5.0,True,True,both,True,True,False
IT000480,T031,F008,test,new_island,train,forcings/F008.npz,wind_only,0.0,0.0,0.0,8.0,11.545017961357619,gebco15s__E121p5_N23p5__IT000480,E121p5_N23p5/IT000480.npz,128.0,128.0,99.5,99.5,True,24.0,True,True,both,True,True,False
IT000481,T031,F009,test,new_island,train,forcings/F009.npz,swell_no_wind,0.0,0.011488594043819864,1.2863683832404313,9.079111704727564,0.0,gebco15s__E121p5_N23p5__IT000481,E121p5_N23p5/IT000481.npz,128.0,128.0,100.0,99.5,True,5.0,True,True,both,True,True,False
IT000482,T031,F010,test,new_island,train,forcings/F010.npz,aligned_windsea,0.8304929158328038,0.026060653075929866,1.307973517182129,5.658173681085658,11.545185380997994,gebco15s__E121p5_N23p5__IT000482,E121p5_N23p5/IT000482.npz,128.0,128.0,99.92,99.5,True,10.0,True,True,both,True,True,False
IT000483,T031,F011,test,new_island,train,forcings/F011.npz,swell_weak_wind,0.0,0.019206827786428227,2.350178036750493,9.572786282430823,3.319636916225727,gebco15s__E121p5_N23p5__IT000483,E121p5_N23p5/IT000483.npz,128.0,128.0,100.0,99.5,True,5.0,True,True,both,True,True,False
IT000484,T031,F012,test,new_island,train,forcings/F012.npz,wind_only,0.0,0.0,0.0,8.0,13.956948522606583,,,,,,,,,,,left_only,False,False,False
IT000485,T032,F001,test,new_island,train,forcings/F001.npz,swell_no_wind,0.0,0.014183805877976777,2.3426587620068426,10.743781010865929,0.0,gebco15s__E121p5_N23p5__IT000485,E121p5_N23p5/IT000485.npz,128.0,128.0,99.69,99.5,True,4.0,True,True,both,True,True,False
IT000486,T032,F002,test,new_island,train,forcings/F002.npz,aligned_windsea,1.0865423574614188,0.02660100201057397,2.166895645345636,7.2037314655645215,11.246998611703624,gebco15s__E121p5_N23p5__IT000486,E121p5_N23p5/IT000486.npz,128.0,128.0,99.53,99.5,True,8.0,True,True,both,True,True,False
IT000487,T032,F003,test,new_island,train,forcings/F003.npz,swell_weak_wind,0.0,0.009155684308608539,1.1193990435105765,9.593620135018579,3.344258794068786,gebco15s__E121p5_N23p5__IT000487,E121p5_N23p5/IT000487.npz,128.0,128.0,100.0,99.5,True,4.0,True,True,both,True,True,False
IT000488,T032,F004,test,new_island,train,forcings/F004.npz,wind_only,0.0,0.0,0.0,8.0,9.767283995459827,,,,,,,,,,,left_only,False,False,False
IT000489,T032,F005,test,new_island,train,forcings/F005.npz,swell_no_wind,0.0,0.0061495790800769395,1.2567033578426547,12.196517501836674,0.0,gebco15s__E121p5_N23p5__IT000489,E121p5_N23p5/IT000489.npz,128.0,128.0,99.72,99.5,True,4.0,True,True,both,True,True,False
IT000490,T032,F006,test,new_island,train,forcings/F006.npz,aligned_windsea,0.908556113100931,0.020095449617102502,2.074590824397493,8.109480136000172,15.366474310386884,gebco15s__E121p5_N23p5__IT000490,E121p5_N23p5/IT000490.npz,128.0,128.0,99.67,99.5,True,15.0,True,True,both,True,True,False
IT000491,T032,F007,test,new_island,train,forcings/F007.npz,swell_weak_wind,0.0,0.0035029865304054652,0.8057825341552571,13.230191128229617,2.2560175581867385,gebco15s__E121p5_N23p5__IT000491,E121p5_N23p5/IT000491.npz,128.0,128.0,100.0,99.5,True,4.0,True,True,both,True,True,False
IT000492,T032,F008,test,new_island,train,forcings/F008.npz,wind_only,0.0,0.0,0.0,8.0,11.545017961357619,,,,,,,,,,,left_only,False,False,False
IT000493,T032,F009,test,new_island,train,forcings/F009.npz,swell_no_wind,0.0,0.011488594043819864,1.2863683832404313,9.079111704727564,0.0,gebco15s__E121p5_N23p5__IT000493,E121p5_N23p5/IT000493.npz,128.0,128.0,100.0,99.5,True,4.0,True,True,both,True,True,False
IT000494,T032,F010,test,new_island,train,forcings/F010.npz,aligned_windsea,0.8304929158328038,0.026060653075929866,1.307973517182129,5.658173681085658,11.545185380997994,gebco15s__E121p5_N23p5__IT000494,E121p5_N23p5/IT000494.npz,128.0,128.0,99.5,99.5,True,10.0,True,True,both,True,True,False
IT000495,T032,F011,test,new_island,train,forcings/F011.npz,swell_weak_wind,0.0,0.019206827786428227,2.350178036750493,9.572786282430823,3.319636916225727,gebco15s__E121p5_N23p5__IT000495,E121p5_N23p5/IT000495.npz,128.0,128.0,99.97,99.5,True,5.0,True,True,both,True,True,False
IT000496,T032,F012,test,new_island,train,forcings/F012.npz,wind_only,0.0,0.0,0.0,8.0,13.956948522606583,,,,,,,,,,,left_only,False,False,False
IT000497,T001,F017,test,new_forcing,test,forcings/F017.npz,swell_no_wind,0.0,0.010485129515678765,2.031672275354005,11.439910021785339,0.0,gebco15s__E121p5_N23p5__IT000497,E121p5_N23p5/IT000497.npz,128.0,128.0,99.94,99.5,True,5.0,True,True,both,True,True,False
IT000498,T001,F018,test,new_forcing,test,forcings/F018.npz,aligned_windsea,1.0794242467353097,0.02128661482406426,1.283948381267404,6.198477292524569,9.892989801972783,gebco15s__E121p5_N23p5__IT000498,E121p5_N23p5/IT000498.npz,128.0,128.0,99.99,99.5,True,7.0,True,True,both,True,True,False
IT000499,T001,F019,test,new_forcing,test,forcings/F019.npz,swell_weak_wind,0.0,0.00834135200562252,1.7434454306525848,11.89683625738781,1.6027911192344748,gebco15s__E121p5_N23p5__IT000499,E121p5_N23p5/IT000499.npz,128.0,128.0,99.8,99.5,True,4.0,True,True,both,True,True,False
IT000500,T001,F020,test,new_forcing,test,forcings/F020.npz,wind_only,0.0,0.0,0.0,8.0,12.305531037000865,,,,,,,,,,,left_only,False,False,False
IT000501,T002,F017,test,new_forcing,test,forcings/F017.npz,swell_no_wind,0.0,0.010485129515678765,2.031672275354005,11.439910021785339,0.0,gebco15s__E121p5_N23p5__IT000501,E121p5_N23p5/IT000501.npz,128.0,128.0,99.98,99.5,True,5.0,True,True,both,True,True,False
IT000502,T002,F018,test,new_forcing,test,forcings/F018.npz,aligned_windsea,1.0794242467353097,0.02128661482406426,1.283948381267404,6.198477292524569,9.892989801972783,gebco15s__E121p5_N23p5__IT000502,E121p5_N23p5/IT000502.npz,128.0,128.0,99.54,99.5,True,9.0,True,True,both,True,True,False
IT000503,T002,F019,test,new_forcing,test,forcings/F019.npz,swell_weak_wind,0.0,0.00834135200562252,1.7434454306525848,11.89683625738781,1.6027911192344748,gebco15s__E121p5_N23p5__IT000503,E121p5_N23p5/IT000503.npz,128.0,128.0,99.78,99.5,True,4.0,True,True,both,True,True,False
IT000504,T002,F020,test,new_forcing,test,forcings/F020.npz,wind_only,0.0,0.0,0.0,8.0,12.305531037000865,,,,,,,,,,,left_only,False,False,False
IT000505,T003,F017,test,new_forcing,test,forcings/F017.npz,swell_no_wind,0.0,0.010485129515678765,2.031672275354005,11.439910021785339,0.0,gebco15s__E121p5_N23p5__IT000505,E121p5_N23p5/IT000505.npz,128.0,128.0,99.89,99.5,True,6.0,True,True,both,True,True,False
IT000506,T003,F018,test,new_forcing,test,forcings/F018.npz,aligned_windsea,1.0794242467353097,0.02128661482406426,1.283948381267404,6.198477292524569,9.892989801972783,gebco15s__E121p5_N23p5__IT000506,E121p5_N23p5/IT000506.npz,128.0,128.0,99.58,99.5,True,9.0,True,True,both,True,True,False
IT000507,T003,F019,test,new_forcing,test,forcings/F019.npz,swell_weak_wind,0.0,0.00834135200562252,1.7434454306525848,11.89683625738781,1.6027911192344748,gebco15s__E121p5_N23p5__IT000507,E121p5_N23p5/IT000507.npz,128.0,128.0,99.74,99.5,True,5.0,True,True,both,True,True,False
IT000508,T003,F020,test,new_forcing,test,forcings/F020.npz,wind_only,0.0,0.0,0.0,8.0,12.305531037000865,,,,,,,,,,,left_only,False,False,False
IT000509,T004,F017,test,new_forcing,test,forcings/F017.npz,swell_no_wind,0.0,0.010485129515678765,2.031672275354005,11.439910021785339,0.0,gebco15s__E121p5_N23p5__IT000509,E121p5_N23p5/IT000509.npz,128.0,128.0,99.55,99.5,True,5.0,True,True,both,True,True,False
IT000510,T004,F018,test,new_forcing,test,forcings/F018.npz,aligned_windsea,1.0794242467353097,0.02128661482406426,1.283948381267404,6.198477292524569,9.892989801972783,gebco15s__E121p5_N23p5__IT000510,E121p5_N23p5/IT000510.npz,128.0,128.0,99.99,99.5,True,10.0,True,True,both,True,True,False
IT000511,T004,F019,test,new_forcing,test,forcings/F019.npz,swell_weak_wind,0.0,0.00834135200562252,1.7434454306525848,11.89683625738781,1.6027911192344748,gebco15s__E121p5_N23p5__IT000511,E121p5_N23p5/IT000511.npz,128.0,128.0,99.76,99.5,True,5.0,True,True,both,True,True,False
IT000512,T004,F020,test,new_forcing,test,forcings/F020.npz,wind_only,0.0,0.0,0.0,8.0,12.305531037000865,,,,,,,,,,,left_only,False,False,False
IT000513,T005,F017,test,new_forcing,test,forcings/F017.npz,swell_no_wind,0.0,0.010485129515678765,2.031672275354005,11.439910021785339,0.0,gebco15s__E121p5_N23p5__IT000513,E121p5_N23p5/IT000513.npz,128.0,128.0,99.57,99.5,True,4.0,True,True,both,True,True,False
IT000514,T005,F018,test,new_forcing,test,forcings/F018.npz,aligned_windsea,1.0794242467353097,0.02128661482406426,1.283948381267404,6.198477292524569,9.892989801972783,gebco15s__E121p5_N23p5__IT000514,E121p5_N23p5/IT000514.npz,128.0,128.0,99.73,99.5,True,19.0,True,True,both,True,True,False
IT000515,T005,F019,test,new_forcing,test,forcings/F019.npz,swell_weak_wind,0.0,0.00834135200562252,1.7434454306525848,11.89683625738781,1.6027911192344748,gebco15s__E121p5_N23p5__IT000515,E121p5_N23p5/IT000515.npz,128.0,128.0,99.75,99.5,True,4.0,True,True,both,True,True,False
IT000516,T005,F020,test,new_forcing,test,forcings/F020.npz,wind_only,0.0,0.0,0.0,8.0,12.305531037000865,,,,,,,,,,,left_only,False,False,False
IT000517,T006,F017,test,new_forcing,test,forcings/F017.npz,swell_no_wind,0.0,0.010485129515678765,2.031672275354005,11.439910021785339,0.0,gebco15s__E121p5_N23p5__IT000517,E121p5_N23p5/IT000517.npz,128.0,128.0,99.86,99.5,True,5.0,True,True,both,True,True,False
IT000518,T006,F018,test,new_forcing,test,forcings/F018.npz,aligned_windsea,1.0794242467353097,0.02128661482406426,1.283948381267404,6.198477292524569,9.892989801972783,gebco15s__E121p5_N23p5__IT000518,E121p5_N23p5/IT000518.npz,128.0,128.0,99.91,99.5,True,10.0,True,True,both,True,True,False
IT000519,T006,F019,test,new_forcing,test,forcings/F019.npz,swell_weak_wind,0.0,0.00834135200562252,1.7434454306525848,11.89683625738781,1.6027911192344748,gebco15s__E121p5_N23p5__IT000519,E121p5_N23p5/IT000519.npz,128.0,128.0,99.62,99.5,True,4.0,True,True,both,True,True,False
IT000520,T006,F020,test,new_forcing,test,forcings/F020.npz,wind_only,0.0,0.0,0.0,8.0,12.305531037000865,,,,,,,,,,,left_only,False,False,False
IT000521,T007,F017,test,new_forcing,test,forcings/F017.npz,swell_no_wind,0.0,0.010485129515678765,2.031672275354005,11.439910021785339,0.0,gebco15s__E121p5_N23p5__IT000521,E121p5_N23p5/IT000521.npz,128.0,128.0,99.65,99.5,True,5.0,True,True,both,True,True,False
IT000522,T007,F018,test,new_forcing,test,forcings/F018.npz,aligned_windsea,1.0794242467353097,0.02128661482406426,1.283948381267404,6.198477292524569,9.892989801972783,gebco15s__E121p5_N23p5__IT000522,E121p5_N23p5/IT000522.npz,128.0,128.0,99.75,99.5,True,11.0,True,True,both,True,True,False
IT000523,T007,F019,test,new_forcing,test,forcings/F019.npz,swell_weak_wind,0.0,0.00834135200562252,1.7434454306525848,11.89683625738781,1.6027911192344748,gebco15s__E121p5_N23p5__IT000523,E121p5_N23p5/IT000523.npz,128.0,128.0,99.77,99.5,True,5.0,True,True,both,True,True,False
IT000524,T007,F020,test,new_forcing,test,forcings/F020.npz,wind_only,0.0,0.0,0.0,8.0,12.305531037000865,,,,,,,,,,,left_only,False,False,False
IT000525,T008,F017,test,new_forcing,test,forcings/F017.npz,swell_no_wind,0.0,0.010485129515678765,2.031672275354005,11.439910021785339,0.0,gebco15s__E121p5_N23p5__IT000525,E121p5_N23p5/IT000525.npz,128.0,128.0,99.75,99.5,True,4.0,True,True,both,True,True,False
IT000526,T008,F018,test,new_forcing,test,forcings/F018.npz,aligned_windsea,1.0794242467353097,0.02128661482406426,1.283948381267404,6.198477292524569,9.892989801972783,gebco15s__E121p5_N23p5__IT000526,E121p5_N23p5/IT000526.npz,128.0,128.0,99.67,99.5,True,10.0,True,True,both,True,True,False
IT000527,T008,F019,test,new_forcing,test,forcings/F019.npz,swell_weak_wind,0.0,0.00834135200562252,1.7434454306525848,11.89683625738781,1.6027911192344748,gebco15s__E121p5_N23p5__IT000527,E121p5_N23p5/IT000527.npz,128.0,128.0,99.81,99.5,True,4.0,True,True,both,True,True,False
IT000528,T008,F020,test,new_forcing,test,forcings/F020.npz,wind_only,0.0,0.0,0.0,8.0,12.305531037000865,,,,,,,,,,,left_only,False,False,False
IT000529,T009,F017,test,new_forcing,test,forcings/F017.npz,swell_no_wind,0.0,0.010485129515678765,2.031672275354005,11.439910021785339,0.0,gebco15s__E121p5_N23p5__IT000529,E121p5_N23p5/IT000529.npz,128.0,128.0,99.61,99.5,True,5.0,True,True,both,True,True,False
IT000530,T009,F018,test,new_forcing,test,forcings/F018.npz,aligned_windsea,1.0794242467353097,0.02128661482406426,1.283948381267404,6.198477292524569,9.892989801972783,gebco15s__E121p5_N23p5__IT000530,E121p5_N23p5/IT000530.npz,128.0,128.0,99.56,99.5,True,11.0,True,True,both,True,True,False
IT000531,T009,F019,test,new_forcing,test,forcings/F019.npz,swell_weak_wind,0.0,0.00834135200562252,1.7434454306525848,11.89683625738781,1.6027911192344748,gebco15s__E121p5_N23p5__IT000531,E121p5_N23p5/IT000531.npz,128.0,128.0,99.6,99.5,True,4.0,True,True,both,True,True,False
IT000532,T009,F020,test,new_forcing,test,forcings/F020.npz,wind_only,0.0,0.0,0.0,8.0,12.305531037000865,,,,,,,,,,,left_only,False,False,False
IT000533,T010,F017,test,new_forcing,test,forcings/F017.npz,swell_no_wind,0.0,0.010485129515678765,2.031672275354005,11.439910021785339,0.0,gebco15s__E121p5_N23p5__IT000533,E121p5_N23p5/IT000533.npz,128.0,128.0,99.84,99.5,True,6.0,True,True,both,True,True,False
IT000534,T010,F018,test,new_forcing,test,forcings/F018.npz,aligned_windsea,1.0794242467353097,0.02128661482406426,1.283948381267404,6.198477292524569,9.892989801972783,gebco15s__E121p5_N23p5__IT000534,E121p5_N23p5/IT000534.npz,128.0,128.0,100.0,99.5,True,10.0,True,True,both,True,True,False
IT000535,T010,F019,test,new_forcing,test,forcings/F019.npz,swell_weak_wind,0.0,0.00834135200562252,1.7434454306525848,11.89683625738781,1.6027911192344748,gebco15s__E121p5_N23p5__IT000535,E121p5_N23p5/IT000535.npz,128.0,128.0,99.67,99.5,True,5.0,True,True,both,True,True,False
IT000536,T010,F020,test,new_forcing,test,forcings/F020.npz,wind_only,0.0,0.0,0.0,8.0,12.305531037000865,,,,,,,,,,,left_only,False,False,False
IT000537,T011,F017,test,new_forcing,test,forcings/F017.npz,swell_no_wind,0.0,0.010485129515678765,2.031672275354005,11.439910021785339,0.0,gebco15s__E121p5_N23p5__IT000537,E121p5_N23p5/IT000537.npz,128.0,128.0,99.58,99.5,True,4.0,True,True,both,True,True,False
IT000538,T011,F018,test,new_forcing,test,forcings/F018.npz,aligned_windsea,1.0794242467353097,0.02128661482406426,1.283948381267404,6.198477292524569,9.892989801972783,gebco15s__E121p5_N23p5__IT000538,E121p5_N23p5/IT000538.npz,128.0,128.0,99.91,99.5,True,9.0,True,True,both,True,True,False
IT000539,T011,F019,test,new_forcing,test,forcings/F019.npz,swell_weak_wind,0.0,0.00834135200562252,1.7434454306525848,11.89683625738781,1.6027911192344748,gebco15s__E121p5_N23p5__IT000539,E121p5_N23p5/IT000539.npz,128.0,128.0,99.82,99.5,True,4.0,True,True,both,True,True,False
IT000540,T011,F020,test,new_forcing,test,forcings/F020.npz,wind_only,0.0,0.0,0.0,8.0,12.305531037000865,,,,,,,,,,,left_only,False,False,False
IT000541,T012,F017,test,new_forcing,test,forcings/F017.npz,swell_no_wind,0.0,0.010485129515678765,2.031672275354005,11.439910021785339,0.0,gebco15s__E121p5_N23p5__IT000541,E121p5_N23p5/IT000541.npz,128.0,128.0,99.85,99.5,True,6.0,True,True,both,True,True,False
IT000542,T012,F018,test,new_forcing,test,forcings/F018.npz,aligned_windsea,1.0794242467353097,0.02128661482406426,1.283948381267404,6.198477292524569,9.892989801972783,gebco15s__E121p5_N23p5__IT000542,E121p5_N23p5/IT000542.npz,128.0,128.0,99.98,99.5,True,10.0,True,True,both,True,True,False
IT000543,T012,F019,test,new_forcing,test,forcings/F019.npz,swell_weak_wind,0.0,0.00834135200562252,1.7434454306525848,11.89683625738781,1.6027911192344748,gebco15s__E121p5_N23p5__IT000543,E121p5_N23p5/IT000543.npz,128.0,128.0,99.69,99.5,True,5.0,True,True,both,True,True,False
IT000544,T012,F020,test,new_forcing,test,forcings/F020.npz,wind_only,0.0,0.0,0.0,8.0,12.305531037000865,,,,,,,,,,,left_only,False,False,False
IT000545,T013,F017,test,new_forcing,test,forcings/F017.npz,swell_no_wind,0.0,0.010485129515678765,2.031672275354005,11.439910021785339,0.0,gebco15s__E121p5_N23p5__IT000545,E121p5_N23p5/IT000545.npz,128.0,128.0,99.5,99.5,True,4.0,True,True,both,True,True,False
IT000546,T013,F018,test,new_forcing,test,forcings/F018.npz,aligned_windsea,1.0794242467353097,0.02128661482406426,1.283948381267404,6.198477292524569,9.892989801972783,gebco15s__E121p5_N23p5__IT000546,E121p5_N23p5/IT000546.npz,128.0,128.0,99.89,99.5,True,8.0,True,True,both,True,True,False
IT000547,T013,F019,test,new_forcing,test,forcings/F019.npz,swell_weak_wind,0.0,0.00834135200562252,1.7434454306525848,11.89683625738781,1.6027911192344748,gebco15s__E121p5_N23p5__IT000547,E121p5_N23p5/IT000547.npz,128.0,128.0,99.74,99.5,True,4.0,True,True,both,True,True,False
IT000548,T013,F020,test,new_forcing,test,forcings/F020.npz,wind_only,0.0,0.0,0.0,8.0,12.305531037000865,,,,,,,,,,,left_only,False,False,False
IT000549,T014,F017,test,new_forcing,test,forcings/F017.npz,swell_no_wind,0.0,0.010485129515678765,2.031672275354005,11.439910021785339,0.0,gebco15s__E121p5_N23p5__IT000549,E121p5_N23p5/IT000549.npz,128.0,128.0,99.91,99.5,True,5.0,True,True,both,True,True,False
IT000550,T014,F018,test,new_forcing,test,forcings/F018.npz,aligned_windsea,1.0794242467353097,0.02128661482406426,1.283948381267404,6.198477292524569,9.892989801972783,gebco15s__E121p5_N23p5__IT000550,E121p5_N23p5/IT000550.npz,128.0,128.0,99.5,99.5,True,9.0,True,True,both,True,True,False
IT000551,T014,F019,test,new_forcing,test,forcings/F019.npz,swell_weak_wind,0.0,0.00834135200562252,1.7434454306525848,11.89683625738781,1.6027911192344748,gebco15s__E121p5_N23p5__IT000551,E121p5_N23p5/IT000551.npz,128.0,128.0,99.82,99.5,True,4.0,True,True,both,True,True,False
IT000552,T014,F020,test,new_forcing,test,forcings/F020.npz,wind_only,0.0,0.0,0.0,8.0,12.305531037000865,,,,,,,,,,,left_only,False,False,False
IT000553,T015,F017,test,new_forcing,test,forcings/F017.npz,swell_no_wind,0.0,0.010485129515678765,2.031672275354005,11.439910021785339,0.0,gebco15s__E121p5_N23p5__IT000553,E121p5_N23p5/IT000553.npz,128.0,128.0,99.75,99.5,True,5.0,True,True,both,True,True,False
IT000554,T015,F018,test,new_forcing,test,forcings/F018.npz,aligned_windsea,1.0794242467353097,0.02128661482406426,1.283948381267404,6.198477292524569,9.892989801972783,gebco15s__E121p5_N23p5__IT000554,E121p5_N23p5/IT000554.npz,128.0,128.0,99.99,99.5,True,10.0,True,True,both,True,True,False
IT000555,T015,F019,test,new_forcing,test,forcings/F019.npz,swell_weak_wind,0.0,0.00834135200562252,1.7434454306525848,11.89683625738781,1.6027911192344748,gebco15s__E121p5_N23p5__IT000555,E121p5_N23p5/IT000555.npz,128.0,128.0,99.92,99.5,True,5.0,True,True,both,True,True,False
IT000556,T015,F020,test,new_forcing,test,forcings/F020.npz,wind_only,0.0,0.0,0.0,8.0,12.305531037000865,,,,,,,,,,,left_only,False,False,False
IT000557,T016,F017,test,new_forcing,test,forcings/F017.npz,swell_no_wind,0.0,0.010485129515678765,2.031672275354005,11.439910021785339,0.0,gebco15s__E121p5_N23p5__IT000557,E121p5_N23p5/IT000557.npz,128.0,128.0,99.78,99.5,True,5.0,True,True,both,True,True,False
IT000558,T016,F018,test,new_forcing,test,forcings/F018.npz,aligned_windsea,1.0794242467353097,0.02128661482406426,1.283948381267404,6.198477292524569,9.892989801972783,gebco15s__E121p5_N23p5__IT000558,E121p5_N23p5/IT000558.npz,128.0,128.0,99.86,99.5,True,11.0,True,True,both,True,True,False
IT000559,T016,F019,test,new_forcing,test,forcings/F019.npz,swell_weak_wind,0.0,0.00834135200562252,1.7434454306525848,11.89683625738781,1.6027911192344748,gebco15s__E121p5_N23p5__IT000559,E121p5_N23p5/IT000559.npz,128.0,128.0,99.82,99.5,True,4.0,True,True,both,True,True,False
IT000560,T016,F020,test,new_forcing,test,forcings/F020.npz,wind_only,0.0,0.0,0.0,8.0,12.305531037000865,,,,,,,,,,,left_only,False,False,False
IT000561,T017,F017,test,new_forcing,test,forcings/F017.npz,swell_no_wind,0.0,0.010485129515678765,2.031672275354005,11.439910021785339,0.0,gebco15s__E121p5_N23p5__IT000561,E121p5_N23p5/IT000561.npz,128.0,128.0,99.77,99.5,True,6.0,True,True,both,True,True,False
IT000562,T017,F018,test,new_forcing,test,forcings/F018.npz,aligned_windsea,1.0794242467353097,0.02128661482406426,1.283948381267404,6.198477292524569,9.892989801972783,gebco15s__E121p5_N23p5__IT000562,E121p5_N23p5/IT000562.npz,128.0,128.0,99.92,99.5,True,10.0,True,True,both,True,True,False
IT000563,T017,F019,test,new_forcing,test,forcings/F019.npz,swell_weak_wind,0.0,0.00834135200562252,1.7434454306525848,11.89683625738781,1.6027911192344748,gebco15s__E121p5_N23p5__IT000563,E121p5_N23p5/IT000563.npz,128.0,128.0,99.61,99.5,True,5.0,True,True,both,True,True,False
IT000564,T017,F020,test,new_forcing,test,forcings/F020.npz,wind_only,0.0,0.0,0.0,8.0,12.305531037000865,,,,,,,,,,,left_only,False,False,False
IT000565,T018,F017,test,new_forcing,test,forcings/F017.npz,swell_no_wind,0.0,0.010485129515678765,2.031672275354005,11.439910021785339,0.0,gebco15s__E121p5_N23p5__IT000565,E121p5_N23p5/IT000565.npz,128.0,128.0,99.61,99.5,True,5.0,True,True,both,True,True,False
IT000566,T018,F018,test,new_forcing,test,forcings/F018.npz,aligned_windsea,1.0794242467353097,0.02128661482406426,1.283948381267404,6.198477292524569,9.892989801972783,gebco15s__E121p5_N23p5__IT000566,E121p5_N23p5/IT000566.npz,128.0,128.0,99.85,99.5,True,8.0,True,True,both,True,True,False
IT000567,T018,F019,test,new_forcing,test,forcings/F019.npz,swell_weak_wind,0.0,0.00834135200562252,1.7434454306525848,11.89683625738781,1.6027911192344748,gebco15s__E121p5_N23p5__IT000567,E121p5_N23p5/IT000567.npz,128.0,128.0,100.0,99.5,True,5.0,True,True,both,True,True,False
IT000568,T018,F020,test,new_forcing,test,forcings/F020.npz,wind_only,0.0,0.0,0.0,8.0,12.305531037000865,,,,,,,,,,,left_only,False,False,False
IT000569,T019,F017,test,new_forcing,test,forcings/F017.npz,swell_no_wind,0.0,0.010485129515678765,2.031672275354005,11.439910021785339,0.0,gebco15s__E121p5_N23p5__IT000569,E121p5_N23p5/IT000569.npz,128.0,128.0,99.87,99.5,True,5.0,True,True,both,True,True,False
IT000570,T019,F018,test,new_forcing,test,forcings/F018.npz,aligned_windsea,1.0794242467353097,0.02128661482406426,1.283948381267404,6.198477292524569,9.892989801972783,gebco15s__E121p5_N23p5__IT000570,E121p5_N23p5/IT000570.npz,128.0,128.0,99.75,99.5,True,9.0,True,True,both,True,True,False
IT000571,T019,F019,test,new_forcing,test,forcings/F019.npz,swell_weak_wind,0.0,0.00834135200562252,1.7434454306525848,11.89683625738781,1.6027911192344748,gebco15s__E121p5_N23p5__IT000571,E121p5_N23p5/IT000571.npz,128.0,128.0,99.62,99.5,True,4.0,True,True,both,True,True,False
IT000572,T019,F020,test,new_forcing,test,forcings/F020.npz,wind_only,0.0,0.0,0.0,8.0,12.305531037000865,,,,,,,,,,,left_only,False,False,False
IT000573,T020,F017,test,new_forcing,test,forcings/F017.npz,swell_no_wind,0.0,0.010485129515678765,2.031672275354005,11.439910021785339,0.0,gebco15s__E121p5_N23p5__IT000573,E121p5_N23p5/IT000573.npz,128.0,128.0,99.71,99.5,True,5.0,True,True,both,True,True,False
IT000574,T020,F018,test,new_forcing,test,forcings/F018.npz,aligned_windsea,1.0794242467353097,0.02128661482406426,1.283948381267404,6.198477292524569,9.892989801972783,gebco15s__E121p5_N23p5__IT000574,E121p5_N23p5/IT000574.npz,128.0,128.0,99.98,99.5,True,10.0,True,True,both,True,True,False
IT000575,T020,F019,test,new_forcing,test,forcings/F019.npz,swell_weak_wind,0.0,0.00834135200562252,1.7434454306525848,11.89683625738781,1.6027911192344748,gebco15s__E121p5_N23p5__IT000575,E121p5_N23p5/IT000575.npz,128.0,128.0,99.85,99.5,True,5.0,True,True,both,True,True,False
IT000576,T020,F020,test,new_forcing,test,forcings/F020.npz,wind_only,0.0,0.0,0.0,8.0,12.305531037000865,,,,,,,,,,,left_only,False,False,False
IT000577,T021,F017,test,new_forcing,test,forcings/F017.npz,swell_no_wind,0.0,0.010485129515678765,2.031672275354005,11.439910021785339,0.0,gebco15s__E121p5_N23p5__IT000577,E121p5_N23p5/IT000577.npz,128.0,128.0,99.75,99.5,True,4.0,True,True,both,True,True,False
IT000578,T021,F018,test,new_forcing,test,forcings/F018.npz,aligned_windsea,1.0794242467353097,0.02128661482406426,1.283948381267404,6.198477292524569,9.892989801972783,gebco15s__E121p5_N23p5__IT000578,E121p5_N23p5/IT000578.npz,128.0,128.0,99.98,99.5,True,10.0,True,True,both,True,True,False
IT000579,T021,F019,test,new_forcing,test,forcings/F019.npz,swell_weak_wind,0.0,0.00834135200562252,1.7434454306525848,11.89683625738781,1.6027911192344748,gebco15s__E121p5_N23p5__IT000579,E121p5_N23p5/IT000579.npz,128.0,128.0,99.81,99.5,True,4.0,True,True,both,True,True,False
IT000580,T021,F020,test,new_forcing,test,forcings/F020.npz,wind_only,0.0,0.0,0.0,8.0,12.305531037000865,,,,,,,,,,,left_only,False,False,False
IT000581,T022,F017,test,new_forcing,test,forcings/F017.npz,swell_no_wind,0.0,0.010485129515678765,2.031672275354005,11.439910021785339,0.0,gebco15s__E121p5_N23p5__IT000581,E121p5_N23p5/IT000581.npz,128.0,128.0,99.82,99.5,True,5.0,True,True,both,True,True,False
IT000582,T022,F018,test,new_forcing,test,forcings/F018.npz,aligned_windsea,1.0794242467353097,0.02128661482406426,1.283948381267404,6.198477292524569,9.892989801972783,gebco15s__E121p5_N23p5__IT000582,E121p5_N23p5/IT000582.npz,128.0,128.0,99.6,99.5,True,19.0,True,True,both,True,True,False
IT000583,T022,F019,test,new_forcing,test,forcings/F019.npz,swell_weak_wind,0.0,0.00834135200562252,1.7434454306525848,11.89683625738781,1.6027911192344748,gebco15s__E121p5_N23p5__IT000583,E121p5_N23p5/IT000583.npz,128.0,128.0,99.59,99.5,True,4.0,True,True,both,True,True,False
IT000584,T022,F020,test,new_forcing,test,forcings/F020.npz,wind_only,0.0,0.0,0.0,8.0,12.305531037000865,,,,,,,,,,,left_only,False,False,False
IT000585,T023,F017,test,new_forcing,test,forcings/F017.npz,swell_no_wind,0.0,0.010485129515678765,2.031672275354005,11.439910021785339,0.0,gebco15s__E121p5_N23p5__IT000585,E121p5_N23p5/IT000585.npz,128.0,128.0,99.52,99.5,True,4.0,True,True,both,True,True,False
IT000586,T023,F018,test,new_forcing,test,forcings/F018.npz,aligned_windsea,1.0794242467353097,0.02128661482406426,1.283948381267404,6.198477292524569,9.892989801972783,gebco15s__E121p5_N23p5__IT000586,E121p5_N23p5/IT000586.npz,128.0,128.0,99.57,99.5,True,7.0,True,True,both,True,True,False
IT000587,T023,F019,test,new_forcing,test,forcings/F019.npz,swell_weak_wind,0.0,0.00834135200562252,1.7434454306525848,11.89683625738781,1.6027911192344748,gebco15s__E121p5_N23p5__IT000587,E121p5_N23p5/IT000587.npz,128.0,128.0,99.78,99.5,True,4.0,True,True,both,True,True,False
IT000588,T023,F020,test,new_forcing,test,forcings/F020.npz,wind_only,0.0,0.0,0.0,8.0,12.305531037000865,,,,,,,,,,,left_only,False,False,False
IT000589,T024,F017,test,new_forcing,test,forcings/F017.npz,swell_no_wind,0.0,0.010485129515678765,2.031672275354005,11.439910021785339,0.0,gebco15s__E121p5_N23p5__IT000589,E121p5_N23p5/IT000589.npz,128.0,128.0,99.57,99.5,True,5.0,True,True,both,True,True,False
IT000590,T024,F018,test,new_forcing,test,forcings/F018.npz,aligned_windsea,1.0794242467353097,0.02128661482406426,1.283948381267404,6.198477292524569,9.892989801972783,gebco15s__E121p5_N23p5__IT000590,E121p5_N23p5/IT000590.npz,128.0,128.0,99.87,99.5,True,10.0,True,True,both,True,True,False
IT000591,T024,F019,test,new_forcing,test,forcings/F019.npz,swell_weak_wind,0.0,0.00834135200562252,1.7434454306525848,11.89683625738781,1.6027911192344748,gebco15s__E121p5_N23p5__IT000591,E121p5_N23p5/IT000591.npz,128.0,128.0,99.78,99.5,True,5.0,True,True,both,True,True,False
IT000592,T024,F020,test,new_forcing,test,forcings/F020.npz,wind_only,0.0,0.0,0.0,8.0,12.305531037000865,,,,,,,,,,,left_only,False,False,False
IT000593,T029,F017,test,new_both,test,forcings/F017.npz,swell_no_wind,0.0,0.010485129515678765,2.031672275354005,11.439910021785339,0.0,gebco15s__E121p5_N23p5__IT000593,E121p5_N23p5/IT000593.npz,128.0,128.0,99.59,99.5,True,5.0,True,True,both,True,True,False
IT000594,T029,F018,test,new_both,test,forcings/F018.npz,aligned_windsea,1.0794242467353097,0.02128661482406426,1.283948381267404,6.198477292524569,9.892989801972783,gebco15s__E121p5_N23p5__IT000594,E121p5_N23p5/IT000594.npz,128.0,128.0,99.75,99.5,True,9.0,True,True,both,True,True,False
IT000595,T029,F019,test,new_both,test,forcings/F019.npz,swell_weak_wind,0.0,0.00834135200562252,1.7434454306525848,11.89683625738781,1.6027911192344748,gebco15s__E121p5_N23p5__IT000595,E121p5_N23p5/IT000595.npz,128.0,128.0,100.0,99.5,True,5.0,True,True,both,True,True,False
IT000596,T029,F020,test,new_both,test,forcings/F020.npz,wind_only,0.0,0.0,0.0,8.0,12.305531037000865,gebco15s__E121p5_N23p5__IT000596,E121p5_N23p5/IT000596.npz,128.0,128.0,95.58,99.5,False,50.0,True,True,both,True,False,True
IT000597,T030,F017,test,new_both,test,forcings/F017.npz,swell_no_wind,0.0,0.010485129515678765,2.031672275354005,11.439910021785339,0.0,gebco15s__E121p5_N23p5__IT000597,E121p5_N23p5/IT000597.npz,128.0,128.0,99.96,99.5,True,5.0,True,True,both,True,True,False
IT000598,T030,F018,test,new_both,test,forcings/F018.npz,aligned_windsea,1.0794242467353097,0.02128661482406426,1.283948381267404,6.198477292524569,9.892989801972783,gebco15s__E121p5_N23p5__IT000598,E121p5_N23p5/IT000598.npz,128.0,128.0,99.95,99.5,True,10.0,True,True,both,True,True,False
IT000599,T030,F019,test,new_both,test,forcings/F019.npz,swell_weak_wind,0.0,0.00834135200562252,1.7434454306525848,11.89683625738781,1.6027911192344748,gebco15s__E121p5_N23p5__IT000599,E121p5_N23p5/IT000599.npz,128.0,128.0,99.53,99.5,True,4.0,True,True,both,True,True,False
IT000600,T030,F020,test,new_both,test,forcings/F020.npz,wind_only,0.0,0.0,0.0,8.0,12.305531037000865,gebco15s__E121p5_N23p5__IT000600,E121p5_N23p5/IT000600.npz,128.0,128.0,95.32,99.5,False,50.0,True,True,both,True,False,True
IT000601,T031,F017,test,new_both,test,forcings/F017.npz,swell_no_wind,0.0,0.010485129515678765,2.031672275354005,11.439910021785339,0.0,gebco15s__E121p5_N23p5__IT000601,E121p5_N23p5/IT000601.npz,128.0,128.0,99.89,99.5,True,5.0,True,True,both,True,True,False
IT000602,T031,F018,test,new_both,test,forcings/F018.npz,aligned_windsea,1.0794242467353097,0.02128661482406426,1.283948381267404,6.198477292524569,9.892989801972783,gebco15s__E121p5_N23p5__IT000602,E121p5_N23p5/IT000602.npz,128.0,128.0,99.86,99.5,True,8.0,True,True,both,True,True,False
IT000603,T031,F019,test,new_both,test,forcings/F019.npz,swell_weak_wind,0.0,0.00834135200562252,1.7434454306525848,11.89683625738781,1.6027911192344748,gebco15s__E121p5_N23p5__IT000603,E121p5_N23p5/IT000603.npz,128.0,128.0,99.68,99.5,True,4.0,True,True,both,True,True,False
IT000604,T031,F020,test,new_both,test,forcings/F020.npz,wind_only,0.0,0.0,0.0,8.0,12.305531037000865,gebco15s__E121p5_N23p5__IT000604,E121p5_N23p5/IT000604.npz,128.0,128.0,97.09,99.5,False,50.0,True,True,both,True,False,True
IT000605,T032,F017,test,new_both,test,forcings/F017.npz,swell_no_wind,0.0,0.010485129515678765,2.031672275354005,11.439910021785339,0.0,gebco15s__E121p5_N23p5__IT000605,E121p5_N23p5/IT000605.npz,128.0,128.0,99.54,99.5,True,4.0,True,True,both,True,True,False
IT000606,T032,F018,test,new_both,test,forcings/F018.npz,aligned_windsea,1.0794242467353097,0.02128661482406426,1.283948381267404,6.198477292524569,9.892989801972783,gebco15s__E121p5_N23p5__IT000606,E121p5_N23p5/IT000606.npz,128.0,128.0,99.97,99.5,True,10.0,True,True,both,True,True,False
IT000607,T032,F019,test,new_both,test,forcings/F019.npz,swell_weak_wind,0.0,0.00834135200562252,1.7434454306525848,11.89683625738781,1.6027911192344748,gebco15s__E121p5_N23p5__IT000607,E121p5_N23p5/IT000607.npz,128.0,128.0,99.75,99.5,True,4.0,True,True,both,True,True,False
IT000608,T032,F020,test,new_both,test,forcings/F020.npz,wind_only,0.0,0.0,0.0,8.0,12.305531037000865,gebco15s__E121p5_N23p5__IT000608,E121p5_N23p5/IT000608.npz,128.0,128.0,95.51,99.5,False,50.0,True,True,both,True,False,True
